first_name,%GT Count of id
فاطمه,6.23%
زهرا,4.42%
علي,2.56%
محمد,2.48%
مريم,2.26%
مهدي,1.94%
حسين,1.92%
عليرضا,1.47%
محمدرضا,1.34%
معصومه,1.32%
زينب,1.19%
رضا,1.13%
اميرحسين,1.00%
محمدحسين,0.88%
مرضيه,0.86%
ابوالفضل,0.85%
حسن,0.82%
محسن,0.77%
محمدمهدي,0.72%
صديقه,0.70%
زهره,0.70%
ليلا,0.69%
احمد,0.66%
طاهره,0.63%
عباس,0.63%
اعظم,0.63%
سميه,0.63%
سعيد,0.60%
محمدعلي,0.54%
سكينه,0.54%
رقيه,0.53%
مرتضي,0.53%
ريحانه,0.52%
نرگس,0.51%
مصطفي,0.51%
خديجه,0.50%
مجيد,0.49%
محمدجواد,0.49%
مهديه,0.48%
مجتبي,0.45%
الهام,0.44%
محمود,0.44%
حميدرضا,0.43%
اكرم,0.43%
حميد,0.43%
جواد,0.42%
محدثه,0.41%
راضيه,0.40%
بتول,0.39%
طيبه,0.37%
محبوبه,0.35%
ابراهيم,0.35%
فائزه,0.34%
اميرمحمد,0.34%
محمدامين,0.34%
عصمت,0.33%
الهه,0.33%
سجاد,0.33%
اميرعلي,0.32%
غلامرضا,0.31%
كبري,0.31%
امير,0.31%
مسعود,0.30%
سارا,0.30%
علي اكبر,0.29%
فرزانه,0.29%
هادي,0.29%
نجمه,0.28%
اكبر,0.27%
محمدحسن,0.27%
مبينا,0.26%
علي اصغر,0.26%
عاطفه,0.25%
احسان,0.25%
سمانه,0.24%
مليحه,0.24%
حامد,0.24%
صغري,0.24%
سيدعلي,0.23%
اميررضا,0.23%
مائده,0.23%
امين,0.23%
رسول,0.23%
مينا,0.22%
مهسا,0.22%
مهناز,0.22%
هانيه,0.22%
حميده,0.22%
فرشته,0.22%
سيدمحمد,0.21%
اسماعيل,0.21%
ناهيد,0.21%
فهيمه,0.21%
نسرين,0.21%
سميرا,0.20%
اشرف,0.20%
احمدرضا,0.19%
كوثر,0.19%
فريبا,0.19%
فاطمه زهرا,0.19%
اصغر,0.19%
فاطمه سادات,0.19%
مهري,0.18%
هاجر,0.18%
ميثم,0.18%
وحيد,0.17%
افسانه,0.17%
ميلاد,0.17%
داود,0.17%
ربابه,0.17%
نازنين زهرا,0.17%
سعيده,0.17%
ناصر,0.17%
سحر,0.16%
روح اله,0.16%
اميد,0.16%
علي رضا,0.16%
مهين,0.16%
آمنه,0.16%
سيدحسين,0.15%
منصوره,0.15%
حديث,0.15%
محمدصادق,0.15%
سهيلا,0.15%
محمدطاها,0.15%
نرجس,0.15%
مطهره,0.15%
قاسم,0.15%
سيدمهدي,0.14%
ندا,0.14%
عرفان,0.14%
مژگان,0.14%
پروين,0.14%
عزت,0.14%
صادق,0.14%
فريده,0.14%
يوسف,0.14%
پريسا,0.14%
شهناز,0.13%
اميرمهدي,0.13%
اميرعباس,0.13%
ايمان,0.13%
جعفر,0.13%
آرزو,0.13%
شهربانو,0.13%
ام البنين,0.13%
رضوان,0.13%
نفيسه,0.13%
عفت,0.12%
ستايش,0.12%
منصور,0.12%
زهراسادات,0.12%
حديثه,0.12%
سيده فاطمه,0.12%
اقدس,0.11%
محمدصالح,0.11%
نصرت,0.11%
غلامحسين,0.11%
مليكا,0.11%
عارفه,0.11%
عبداله,0.11%
نگار,0.11%
كاظم,0.11%
اسماء,0.10%
پروانه,0.10%
ثريا,0.10%
حكيمه,0.10%
حنانه,0.10%
فاطمه السادات,0.10%
هستي,0.10%
آسيه,0.10%
آزاده,0.10%
زهراء,0.10%
علي محمد,0.10%
سيده زهرا,0.10%
حسينعلي,0.09%
شهلا,0.09%
حانيه,0.09%
سيدرضا,0.09%
ليلي,0.09%
مسلم,0.09%
دانيال,0.09%
عباسعلي,0.09%
عطيه,0.09%
محمدهادي,0.09%
جميله,0.09%
حجت,0.09%
راحله,0.09%
مرجان,0.09%
عبدالرضا,0.09%
عذرا,0.09%
محمدتقي,0.09%
يگانه,0.09%
زينت,0.09%
مهرداد,0.08%
مهلا,0.08%
ساجده,0.08%
آتنا,0.08%
غلامعلي,0.08%
حبيب,0.08%
سيدمصطفي,0.08%
صفيه,0.08%
رحيم,0.08%
منيره,0.08%
بهاره,0.08%
ياسين,0.08%
حليمه,0.08%
سيدمحمدرضا,0.08%
متين,0.08%
ايران,0.08%
سيداحمد,0.08%
موسي,0.08%
ابوالقاسم,0.07%
ميترا,0.07%
بهروز,0.07%
صغرا,0.07%
جلال,0.07%
سبحان,0.07%
نگين,0.07%
نيلوفر,0.07%
سيدحسن,0.07%
سيدمحسن,0.07%
فرهاد,0.07%
ثنا,0.07%
محمدباقر,0.07%
نازنين,0.07%
روح الله,0.07%
مهران,0.07%
حمزه,0.07%
كلثوم,0.07%
منيژه,0.07%
پارسا,0.07%
سيدمحمدحسين,0.07%
رباب,0.06%
طاها,0.06%
نيره,0.06%
ياسمن,0.06%
آيدا,0.06%
زيبا,0.06%
شيرين,0.06%
الناز,0.06%
سينا,0.06%
شهين,0.06%
حجت اله,0.06%
سيدعليرضا,0.06%
يونس,0.06%
بهنام,0.06%
حبيب اله,0.06%
وجيهه,0.06%
ياسر,0.06%
آذر,0.06%
انسيه,0.06%
محمدمتين,0.06%
پوريا,0.06%
رؤيا,0.06%
زكيه,0.06%
سپيده,0.06%
سيدمحمدمهدي,0.06%
عادل,0.06%
كريم,0.06%
حيدر,0.06%
اسمعيل,0.06%
محيا,0.06%
نسترن,0.06%
سيدمجتبي,0.05%
كيميا,0.05%
محترم,0.05%
يداله,0.05%
سيداميرحسين,0.05%
حبيبه,0.05%
رمضان,0.05%
صالح,0.05%
فرخنده,0.05%
سيدعباس,0.05%
سيدمرتضي,0.05%
سيما,0.05%
بهزاد,0.05%
جمال,0.05%
حسام,0.05%
سيدابوالفضل,0.05%
عيسي,0.05%
فرحناز,0.05%
غزل,0.05%
نيايش,0.05%
هاشم,0.05%
سودابه,0.05%
سيدجواد,0.05%
مهتاب,0.05%
جليل,0.05%
ساناز,0.05%
صبا,0.05%
عبدالحسين,0.05%
مهشيد,0.05%
نادر,0.05%
رضيه,0.05%
سيده مريم,0.05%
عاليه,0.05%
فرزاد,0.05%
نسيم,0.05%
نيما,0.05%
صفورا,0.04%
قربانعلي,0.04%
مبين,0.04%
ايليا,0.04%
بهناز,0.04%
حوريه,0.04%
شيما,0.04%
فردوس,0.04%
فيروزه,0.04%
بهرام,0.04%
حسنعلي,0.04%
سيدمحمود,0.04%
محمدياسين,0.04%
مژده,0.04%
وحيده,0.04%
رحيمه,0.04%
زهراالسادات,0.04%
شكوفه,0.04%
محمدعرفان,0.04%
محمدكاظم,0.04%
مريم السادات,0.04%
منوچهر,0.04%
هما,0.04%
طوبي,0.04%
معين,0.04%
بهمن,0.04%
شيوا,0.04%
گوهر,0.04%
مريم سادات,0.04%
ابوذر,0.04%
پري,0.04%
شهرام,0.04%
يعقوب,0.04%
پيمان,0.04%
داريوش,0.04%
ستاره,0.04%
سيدهادي,0.04%
هديه,0.04%
يسنا,0.04%
حسنا,0.04%
سلمان,0.04%
سيده زينب,0.04%
عسل,0.04%
منا,0.04%
ولي اله,0.04%
يحيي,0.04%
اسداله,0.04%
پريا,0.04%
توران,0.04%
خليل,0.04%
سليمه,0.04%
سهيل,0.04%
عبدالرسول,0.04%
فروغ,0.04%
نعمت اله,0.04%
اسما,0.03%
بهار,0.03%
جمشيد,0.03%
ساره,0.03%
شقايق,0.03%
نعيمه,0.03%
پويا,0.03%
جاسم,0.03%
كمال,0.03%
مهديس,0.03%
آرش,0.03%
رامين,0.03%
شمسي,0.03%
عبدالكريم,0.03%
مدينه,0.03%
نازنين فاطمه,0.03%
رجبعلي,0.03%
شوكت,0.03%
عبدالحميد,0.03%
عشرت,0.03%
فاطمه صغري,0.03%
فروزان,0.03%
ثمين,0.03%
رحمان,0.03%
رمضانعلي,0.03%
زينب سادات,0.03%
سيدمحمدعلي,0.03%
سيمين,0.03%
شايان,0.03%
كبرا,0.03%
نصراله,0.03%
هدي,0.03%
ياسمين,0.03%
يلدا,0.03%
بهجت,0.03%
دينا,0.03%
سارينا,0.03%
فضه,0.03%
محمدپارسا,0.03%
محمدطه,0.03%
ناديا,0.03%
نويد,0.03%
يدالله,0.03%
احترام,0.03%
ايرج,0.03%
بلقيس,0.03%
رويا,0.03%
سوسن,0.03%
سيده معصومه,0.03%
فرح,0.03%
فرنگيس,0.03%
مهرانگيز,0.03%
مونا,0.03%
هوشنگ,0.03%
افشين,0.03%
پرويز,0.03%
رعنا,0.03%
زيور,0.03%
سيدسجاد,0.03%
صابر,0.03%
فوزيه,0.03%
بنيامين,0.03%
تقي,0.03%
رحمت اله,0.03%
زليخا,0.03%
سيدحميد,0.03%
عزيزه,0.03%
محمدابراهيم,0.03%
هليا,0.03%
الياس,0.03%
امراله,0.03%
امينه,0.03%
پوران,0.03%
خورشيد,0.03%
عارف,0.03%
عرشيا,0.03%
فاطيما,0.03%
كيانا,0.03%
محمدرسول,0.03%
مولود,0.03%
آرين,0.02%
بيتا,0.02%
زبيده,0.02%
سيدسعيد,0.02%
صفر,0.02%
منور,0.02%
يكتا,0.02%
آرمين,0.02%
باقر,0.02%
خاتون,0.02%
ريحانه سادات,0.02%
سامان,0.02%
سيدمجيد,0.02%
سيدمحمدجواد,0.02%
شريفه,0.02%
صفرعلي,0.02%
صمد,0.02%
عبدالله,0.02%
محمدجعفر,0.02%
محمدسعيد,0.02%
مهيار,0.02%
نساء,0.02%
ولي,0.02%
احد,0.02%
تهمينه,0.02%
سيدكاظم,0.02%
عبدالعلي,0.02%
قدرت اله,0.02%
لعيا,0.02%
الينا,0.02%
آيناز,0.02%
زينب السادات,0.02%
سيدجلال,0.02%
شكراله,0.02%
طلعت,0.02%
عزيزاله,0.02%
عظيمه,0.02%
عماد,0.02%
غزاله,0.02%
فريدون,0.02%
فضل اله,0.02%
محمدسجاد,0.02%
منير,0.02%
احمدعلي,0.02%
آزيتا,0.02%
بي بي,0.02%
پرنيا,0.02%
حوا,0.02%
سپهر,0.02%
شايسته,0.02%
فخري,0.02%
ماهان,0.02%
محمدحسام,0.02%
محمدصدرا,0.02%
محمدمعين,0.02%
آرمان,0.02%
پرهام,0.02%
حسنه,0.02%
سرور,0.02%
سيدعلي اكبر,0.02%
سيف اله,0.02%
شادي,0.02%
شيدا,0.02%
فاضل,0.02%
فرشاد,0.02%
فرناز,0.02%
كوكب,0.02%
مختار,0.02%
مرضيه سادات,0.02%
ملكه,0.02%
ويدا,0.02%
اختر,0.02%
اشرف السادات,0.02%
اعظم السادات,0.02%
افسر,0.02%
ايوب,0.02%
بي بي فاطمه,0.02%
جابر,0.02%
خسرو,0.02%
ريحانه السادات,0.02%
سليمان,0.02%
سهراب,0.02%
سوگند,0.02%
سيدرسول,0.02%
سيدمسعود,0.02%
سيده نرگس,0.02%
عبدالمجيد,0.02%
عذري,0.02%
عزيز,0.02%
فرامرز,0.02%
قمر,0.02%
كميل,0.02%
كنيز,0.02%
محمدسبحان,0.02%
نازنين زينب,0.02%
نوشين,0.02%
ابتسام,0.02%
احلام,0.02%
اكرم السادات,0.02%
امل,0.02%
خيرالنساء,0.02%
رها,0.02%
ژيلا,0.02%
سلطان,0.02%
سلطنت,0.02%
سيدمحمدامين,0.02%
سيدمحمدصادق,0.02%
سيروس,0.02%
شبنم,0.02%
غلامحسن,0.02%
غلامعباس,0.02%
معصومه سادات,0.02%
ملوك,0.02%
نجيبه,0.02%
هدا,0.02%
ام ليلا,0.02%
اميدرضا,0.02%
اميرمسعود,0.02%
انيس,0.02%
بي بي زهرا,0.02%
پدرام,0.02%
پرستو,0.02%
پريوش,0.02%
خاور,0.02%
درسا,0.02%
راحيل,0.02%
رحمن,0.02%
روح انگيز,0.02%
زري,0.02%
سميره,0.02%
سيدابراهيم,0.02%
سيداسماعيل,0.02%
شهرزاد,0.02%
شهره,0.02%
صفا,0.02%
عقيل,0.02%
عهديه,0.02%
غلام,0.02%
فرح ناز,0.02%
مظاهر,0.02%
مهزيار,0.02%
نوراله,0.02%
اسرا,0.02%
النا,0.02%
بيژن,0.02%
جواهر,0.02%
حجت الله,0.02%
حسام الدين,0.02%
حيدرعلي,0.02%
سيداميرعلي,0.02%
سيدجمال,0.02%
سيدحامد,0.02%
سيدمحمدحسن,0.02%
سيده سكينه,0.02%
عبدالرحيم,0.02%
فخرالسادات,0.02%
فرشيد,0.02%
كيوان,0.02%
ماشااله,0.02%
مرواريد,0.02%
مصيب,0.02%
مهوش,0.02%
نرگس خاتون,0.02%
ابوالحسن,0.01%
آيلين,0.01%
حميرا,0.01%
خيري,0.01%
سروش,0.01%
سيداكبر,0.01%
سيدامير,0.01%
سيداميرمحمد,0.01%
سيدجعفر,0.01%
سيدعلي اصغر,0.01%
سيده رقيه,0.01%
سيده ليلا,0.01%
سيدوحيد,0.01%
صدرا,0.01%
طهورا,0.01%
عزت اله,0.01%
علي حسين,0.01%
فاطمه بيگم,0.01%
قربان,0.01%
كشور,0.01%
ماشاءاله,0.01%
محمديوسف,0.01%
منظر,0.01%
نبي اله,0.01%
ارسلان,0.01%
اميرحسن,0.01%
باران,0.01%
بدري,0.01%
تينا,0.01%
داوود,0.01%
ذبيح اله,0.01%
سيداحسان,0.01%
سيدمحمدطاها,0.01%
سيدهاشم,0.01%
صاحب,0.01%
صالحه,0.01%
عبدالامير,0.01%
فتح اله,0.01%
فرج اله,0.01%
فرخ,0.01%
فريد,0.01%
كفايت,0.01%
گيتي,0.01%
محمدسينا,0.01%
محمدمبين,0.01%
مسيب,0.01%
مهرنوش,0.01%
ناديه,0.01%
الميرا,0.01%
بدريه,0.01%
بيگم,0.01%
حشمت,0.01%
سولماز,0.01%
سيداميررضا,0.01%
سيدحميدرضا,0.01%
سيدقاسم,0.01%
سيدمحمدباقر,0.01%
سيده الهام,0.01%
شعبانعلي,0.01%
شهاب,0.01%
عبدالرحمن,0.01%
فاطمه صغرا,0.01%
فتانه,0.01%
فرانك,0.01%
قادر,0.01%
قنبر,0.01%
لطيفه,0.01%
ماجده,0.01%
ماهرخ,0.01%
مهرسا,0.01%
نازيلا,0.01%
يزدان,0.01%
اسفنديار,0.01%
اشكان,0.01%
ام كلثوم,0.01%
اميرارسلان,0.01%
بابك,0.01%
براتعلي,0.01%
حشمت اله,0.01%
حلما,0.01%
خاطره,0.01%
خداداد,0.01%
رضوانه,0.01%
ژاله,0.01%
سالار,0.01%
سعادت,0.01%
سيدابوالقاسم,0.01%
سيدداود,0.01%
سيدمنصور,0.01%
شكيبا,0.01%
صدف,0.01%
عادله,0.01%
فيروز,0.01%
گلناز,0.01%
مهديه سادات,0.01%
مونس,0.01%
نرگس سادات,0.01%
نسيبه,0.01%
نصرت اله,0.01%
هنگامه,0.01%
ولي الله,0.01%
اطهر,0.01%
آوا,0.01%
بسنه,0.01%
بنت الهدي,0.01%
پژمان,0.01%
حاجيه,0.01%
حسين علي,0.01%
حيات,0.01%
دنيا,0.01%
ساغر,0.01%
سما,0.01%
سميه سادات,0.01%
سنا,0.01%
سهام,0.01%
سياوش,0.01%
سيدروح اله,0.01%
سيدعلي رضا,0.01%
سيدناصر,0.01%
سيده مرضيه,0.01%
شهريار,0.01%
صفدر,0.01%
عبدالحسن,0.01%
فردين,0.01%
كامران,0.01%
كرامت,0.01%
ماندانا,0.01%
محراب,0.01%
محمداحسان,0.01%
مظفر,0.01%
معصومه السادات,0.01%
ملينا,0.01%
مهشاد,0.01%
مهنا,0.01%
نسيمه,0.01%
نغمه,0.01%
يوسفعلي,0.01%
اسلام,0.01%
اكرم سادات,0.01%
اميرحسام,0.01%
بي بي صديقه,0.01%
پرديس,0.01%
تارا,0.01%
جنت,0.01%
جهانگير,0.01%
حافظ,0.01%
حسنيه,0.01%
حورا,0.01%
زين العابدين,0.01%
سادات,0.01%
ستار,0.01%
سيدصادق,0.01%
طاهر,0.01%
عرفانه,0.01%
فائزه سادات,0.01%
كورش,0.01%
كيان,0.01%
گلي,0.01%
لطفعلي,0.01%
محرم,0.01%
محمداسماعيل,0.01%
محمدعارف,0.01%
محمودرضا,0.01%
معظمه,0.01%
ملك,0.01%
مهديه السادات,0.01%
موسي الرضا,0.01%
مينو,0.01%
نادعلي,0.01%
نعمت الله,0.01%
هاشميه,0.01%
هدايت,0.01%
ابوطالب,0.01%
اسحق,0.01%
آلاء,0.01%
اميرطاها,0.01%
امين اله,0.01%
آناهيتا,0.01%
آنيتا,0.01%
ترنم,0.01%
توحيد,0.01%
جبار,0.01%
حاتم,0.01%
حمزه علي,0.01%
خالد,0.01%
رفعت,0.01%
ريحان,0.01%
زهره السادات,0.01%
زهره سادات,0.01%
سعاد,0.01%
سمانه سادات,0.01%
سميه السادات,0.01%
سيداصغر,0.01%
سيدامين,0.01%
سيدجليل,0.01%
سيدعبداله,0.01%
سيده ريحانه,0.01%
سيده طاهره,0.01%
سيده فائزه,0.01%
سيده هاجر,0.01%
شعبان,0.01%
صديقه السادات,0.01%
ضحا,0.01%
عبدالنبي,0.01%
عظيم,0.01%
فائزه السادات,0.01%
فتحعلي,0.01%
فخريه,0.01%
فوأد,0.01%
كريمه,0.01%
كيومرث,0.01%
لاله,0.01%
ماه سلطان,0.01%
مائده سادات,0.01%
محبوبه السادات,0.01%
محدثه السادات,0.01%
محدثه سادات,0.01%
محمدفاضل,0.01%
محمدهاشم,0.01%
مراد,0.01%
مسيح,0.01%
مهديار,0.01%
نازي,0.01%
ناهيده,0.01%
نجيمه,0.01%
نرجس خاتون,0.01%
نرگس السادات,0.01%
نوريه,0.01%
هاني,0.01%
اباالفضل,0.01%
اردشير,0.01%
ارشيا,0.01%
آرميتا,0.01%
اسدالله,0.01%
اسراء,0.01%
الهه السادات,0.01%
امان اله,0.01%
بي بي جان,0.01%
بي بي معصومه,0.01%
پرنيان,0.01%
پگاه,0.01%
تكتم,0.01%
تيمور,0.01%
حمداله,0.01%
خيراله,0.01%
ذليخا,0.01%
راضيه سادات,0.01%
راهله,0.01%
رحمت,0.01%
رقيه سادات,0.01%
روژان,0.01%
ساجده سادات,0.01%
سيدغلامرضا,0.01%
سيدكريم,0.01%
سيدميثم,0.01%
سيده اعظم,0.01%
سيده خديجه,0.01%
سيده سميه,0.01%
سيده صديقه,0.01%
سيده فاطمه زهرا,0.01%
سيده مهديه,0.01%
شاهرخ,0.01%
شرف,0.01%
شكوه,0.01%
صاحب جان,0.01%
صولت,0.01%
طالب,0.01%
طاهره السادات,0.01%
عبدالعظيم,0.01%
عبدالمهدي,0.01%
عليه,0.01%
غضنفر,0.01%
قاسمعلي,0.01%
كاظميه,0.01%
ليدا,0.01%
مارال,0.01%
مالك,0.01%
محمدماهان,0.01%
محمدمحسن,0.01%
محمدمصطفي,0.01%
مطهره سادات,0.01%
منيره السادات,0.01%
مهرشاد,0.01%
مهرناز,0.01%
نجمه سادات,0.01%
نقي,0.01%
نوروز,0.01%
هانيه سادات,0.01%
وحيدرضا,0.01%
ياسمين زهرا,0.01%
ياور,0.01%
اباذر,0.01%
اعظم سادات,0.01%
افروز,0.01%
اقبال,0.01%
آلا,0.01%
انيسه,0.01%
بختيار,0.01%
بنفشه,0.01%
بهراد,0.01%
پري دخت,0.01%
حليمه خاتون,0.01%
حوري,0.01%
خدابخش,0.01%
خيريه,0.01%
ذبيح الله,0.01%
رفيعه,0.01%
زرين تاج,0.01%
زهرابيگم,0.01%
ساميه,0.01%
سبا,0.01%
سعيدرضا,0.01%
سعيده سادات,0.01%
سمانه السادات,0.01%
سوده,0.01%
سيدعبدالرسول,0.01%
سيدعلي محمد,0.01%
سيدكمال,0.01%
سيدمحمدصالح,0.01%
سيدمحمدهادي,0.01%
سيده كبري,0.01%
سيده مائده,0.01%
سيده محبوبه,0.01%
سيده محدثه,0.01%
سيدياسر,0.01%
سيديحيي,0.01%
سيديونس,0.01%
شراره,0.01%
صبيحه,0.01%
ضحي,0.01%
طاهره سادات,0.01%
علي اشرف,0.01%
عمار,0.01%
عمران,0.01%
عين اله,0.01%
غزال,0.01%
غلام رضا,0.01%
فاضله,0.01%
فاطمه سلطان,0.01%
فاطمه معصومه,0.01%
فاطمه نساء,0.01%
فائقه,0.01%
فرنوش,0.01%
فريباسادات,0.01%
قدرت,0.01%
قدير,0.01%
كرامت اله,0.01%
كنيزرضا,0.01%
كيانوش,0.01%
گلثوم,0.01%
لادن,0.01%
ليلاسادات,0.01%
ماريا,0.01%
مازيار,0.01%
مائده السادات,0.01%
مباركه,0.01%
مبيناسادات,0.01%
محبوبه سادات,0.01%
محمداسمعيل,0.01%
محمدصابر,0.01%
مستانه,0.01%
معراج,0.01%
مكيه,0.01%
مليحه سادات,0.01%
منيجه,0.01%
منيرالسادات,0.01%
مهراب,0.01%
مهرالسادات,0.01%
مهرزاد,0.01%
ميعاد,0.01%
ميمنت,0.01%
نصره,0.01%
نوال,0.01%
نورمحمد,0.01%
نيكا,0.01%
همايون,0.01%
هومن,0.01%
آروين,0.01%
آريا,0.01%
آريانا,0.01%
اسكندر,0.01%
اميدعلي,0.01%
اميرحمزه,0.01%
آيت اله,0.01%
بمانعلي,0.01%
بهادر,0.01%
بي بي سادات,0.01%
بي بي طاهره,0.01%
پرستش,0.01%
پري ناز,0.01%
پريناز,0.01%
پويان,0.01%
پيام,0.01%
حنان,0.01%
حنيفه,0.01%
دولت,0.01%
رخساره,0.01%
رستم,0.01%
رشيد,0.01%
رومينا,0.01%
سانيا,0.01%
سماء,0.01%
سوگل,0.01%
سيداميرمهدي,0.01%
سيدحسام الدين,0.01%
سيدميلاد,0.01%
سيده زهره,0.01%
سيده سارا,0.01%
سيده نرجس,0.01%
سيدياسين,0.01%
شميم,0.01%
عابد,0.01%
عاطفه السادات,0.01%
عالم,0.01%
عالمه,0.01%
عبدالصمد,0.01%
عبدالوهاب,0.01%
عقيله,0.01%
علي اوسط,0.01%
علي جان,0.01%
علي عباس,0.01%
عمادالدين,0.01%
غفار,0.01%
غلام حسين,0.01%
فخرالدين,0.01%
فرخ لقا,0.01%
فرزان,0.01%
فريبرز,0.01%
فهيمه سادات,0.01%
قدسيه,0.01%
كتايون,0.01%
كسري,0.01%
گل بهار,0.01%
گلشن,0.01%
گوهرتاج,0.01%
ماني,0.01%
ماه بي بي,0.01%
ماه منير,0.01%
محرمعلي,0.01%
محمدامير,0.01%
محمدحامد,0.01%
محمدقاسم,0.01%
مرادعلي,0.01%
مرحمت,0.01%
مرضيه السادات,0.01%
مسعوده,0.01%
مقدسه,0.01%
مكرم,0.01%
مني,0.01%
مه لقا,0.01%
مهدي يار,0.01%
نجميه,0.01%
نصير,0.01%
نعمت,0.01%
نفيسه سادات,0.01%
نير,0.01%
نيوشا,0.01%
وفا,0.01%
وهاب,0.01%
ادريس,0.00%
آرام,0.00%
الهه سادات,0.00%
آمنه سادات,0.00%
اميرحافظ,0.00%
اميرسجاد,0.00%
اميره,0.00%
اميرهوشنگ,0.00%
امين محمد,0.00%
انسيه السادات,0.00%
آيسا,0.00%
آيسان,0.00%
برديا,0.00%
بهرامعلي,0.00%
بي بي رباب,0.00%
بي بي زهراء,0.00%
پانيذ,0.00%
تابنده,0.00%
جليله,0.00%
جهان,0.00%
جيران,0.00%
حانيه السادات,0.00%
حانيه سادات,0.00%
حبيب الله,0.00%
حسني,0.00%
حميده سادات,0.00%
حنانه سادات,0.00%
حوريه سادات,0.00%
خديجه سادات,0.00%
ديانا,0.00%
ربابه السادات,0.00%
رجب,0.00%
رحمت الله,0.00%
ركسانا,0.00%
روزبه,0.00%
روشنك,0.00%
زرين,0.00%
زمان,0.00%
زمزم,0.00%
ساراسادات,0.00%
سالم,0.00%
ساينا,0.00%
سروناز,0.00%
سريه,0.00%
سعداله,0.00%
سمنبر,0.00%
سناء,0.00%
سونيا,0.00%
سيامك,0.00%
سيدجلال الدين,0.00%
سيدطاها,0.00%
سيدعرفان,0.00%
سيدمحمدسجاد,0.00%
سيدمحمدسعيد,0.00%
سيدمحمدصدرا,0.00%
سيدمسلم,0.00%
سيدمعين,0.00%
سيده حميده,0.00%
سيده شهربانو,0.00%
سيده عاطفه,0.00%
سيده كوثر,0.00%
سيده نجمه,0.00%
شعله,0.00%
شفيقه,0.00%
شهاب الدين,0.00%
صاحبه,0.00%
صدري,0.00%
صديقه بيگم,0.00%
صديقه سادات,0.00%
صفاء,0.00%
صنوبر,0.00%
طناز,0.00%
طوران,0.00%
عبدالرحمان,0.00%
عسگر,0.00%
عطاءاله,0.00%
عطيه سادات,0.00%
علي بمان,0.00%
عنايت اله,0.00%
فخري السادات,0.00%
فرزانه السادات,0.00%
فريماه,0.00%
فضيله,0.00%
فيصل,0.00%
قدمعلي,0.00%
قزبس,0.00%
گل افروز,0.00%
گل عنبر,0.00%
گل ناز,0.00%
گل نساء,0.00%
گلزار,0.00%
گيتا,0.00%
ماجد,0.00%
ماه نساء,0.00%
مجيده,0.00%
محمدسهيل,0.00%
محمدطاهر,0.00%
محمدمسعود,0.00%
مرصاد,0.00%
مقداد,0.00%
منصوره السادات,0.00%
منصوره سادات,0.00%
مهرعلي,0.00%
مهلاسادات,0.00%
ميكائيل,0.00%
نادره,0.00%
نجات,0.00%
نجف,0.00%
نجمه السادات,0.00%
نرجس سادات,0.00%
نعيم,0.00%
نورالله,0.00%
نورسته,0.00%
هدايت اله,0.00%
هناء,0.00%
يسرا,0.00%
آذردخت,0.00%
آرتين,0.00%
اسد,0.00%
اسرافيل,0.00%
آسنا,0.00%
اطهره,0.00%
آفاق,0.00%
اله بخش,0.00%
الهام السادات,0.00%
ام ليلي,0.00%
امجد,0.00%
اميرپارسا,0.00%
اميرسالار,0.00%
اميرمحمود,0.00%
امين رضا,0.00%
انور,0.00%
آيدين,0.00%
بتول سادات,0.00%
بدرالسادات,0.00%
بشرا,0.00%
بشير,0.00%
بي بي اعظم,0.00%
بيگم جان,0.00%
پارميس,0.00%
پوراندخت,0.00%
تاجي,0.00%
تسنيم,0.00%
تقيه,0.00%
تورج,0.00%
جاويد,0.00%
جميل,0.00%
حاجي,0.00%
حسين رضا,0.00%
حمايل,0.00%
حوراء,0.00%
خانم سلطان,0.00%
خجسته,0.00%
خداكرم,0.00%
خضر,0.00%
داراب,0.00%
درويش,0.00%
دريا,0.00%
دلبر,0.00%
ذوالفقار,0.00%
ربيعه,0.00%
رزا,0.00%
رضوان سادات,0.00%
رقيه خاتون,0.00%
روبخير,0.00%
زهراسلطان,0.00%
زينت السادات,0.00%
ساجد,0.00%
سامي,0.00%
ساهره,0.00%
ستايش سادات,0.00%
سعديه,0.00%
سعيده السادات,0.00%
سكينه بيگم,0.00%
سميراء,0.00%
سميراسادات,0.00%
سيداحمدرضا,0.00%
سيدايمان,0.00%
سيدباقر,0.00%
سيدتقي,0.00%
سيدحبيب,0.00%
سيدحبيب اله,0.00%
سيدحمزه,0.00%
سيددانيال,0.00%
سيدرحمت اله,0.00%
سيدرمضان,0.00%
سيدروح الله,0.00%
سيدسبحان,0.00%
سيدسيف اله,0.00%
سيدشهاب الدين,0.00%
سيدمبين,0.00%
سيدمحمدامير,0.00%
سيدمحمدتقي,0.00%
سيدمظفر,0.00%
سيدموسي,0.00%
سيده الهه,0.00%
سيده آمنه,0.00%
سيده بهاره,0.00%
سيده حكيمه,0.00%
سيده راضيه,0.00%
سيده سميرا,0.00%
سيده طوبي,0.00%
سيده طيبه,0.00%
سيده مرجان,0.00%
سيده مطهره,0.00%
سيده مهناز,0.00%
سيده مينا,0.00%
سيده ندا,0.00%
سيده هانيه,0.00%
شاهين,0.00%
شكيلا,0.00%
شمس الدين,0.00%
شهباز,0.00%
شيماء,0.00%
صدراله,0.00%
صنمبر,0.00%
صونا,0.00%
طاوس,0.00%
طه,0.00%
طيب,0.00%
عابدين,0.00%
عارفه سادات,0.00%
عباداله,0.00%
عباسقلي,0.00%
عبدالسعيد,0.00%
عبدالمحمد,0.00%
عبدعلي,0.00%
عطا,0.00%
عفيفه,0.00%
علي نقي,0.00%
علي يار,0.00%
غلام حسن,0.00%
غلام عباس,0.00%
غلام علي,0.00%
غنيه,0.00%
فاطمه جان,0.00%
فاطمه حسنا,0.00%
فربد,0.00%
فؤاد,0.00%
فيض اله,0.00%
قدرت الله,0.00%
قلي,0.00%
كامبيز,0.00%
كاميار,0.00%
كرمعلي,0.00%
كوروش,0.00%
كيهان,0.00%
گل بانو,0.00%
گل بي بي,0.00%
گل پري,0.00%
گل طلا,0.00%
گلنار,0.00%
لطف اله,0.00%
لطيف,0.00%
ماه بس,0.00%
ماه پري,0.00%
مجيدرضا,0.00%
محبت,0.00%
محمدداود,0.00%
محمدرحيم,0.00%
محمدزمان,0.00%
محمدسالار,0.00%
محمدناصر,0.00%
محمدنبي,0.00%
محمدنقي,0.00%
محمدنويد,0.00%
محمديونس,0.00%
محنا,0.00%
مريم بيگم,0.00%
مقصود,0.00%
مليكه,0.00%
مهتا,0.00%
مهديا,0.00%
مهراد,0.00%
مهرانه,0.00%
مهساسادات,0.00%
مهين تاج,0.00%
ميثاق,0.00%
نازنين رقيه,0.00%
نجما,0.00%
نصرالله,0.00%
نصيبه,0.00%
نظام,0.00%
نگين سادات,0.00%
نهال,0.00%
نوازاله,0.00%
نورا,0.00%
نوروزعلي,0.00%
نيره السادات,0.00%
نيكو,0.00%
هاله,0.00%
هلنا,0.00%
همدم,0.00%
واليه,0.00%
ولي محمد,0.00%
ياس,0.00%
ياسمن زهرا,0.00%
اباصلت,0.00%
آتوسا,0.00%
اخترالسادات,0.00%
آدرينا,0.00%
آدينه,0.00%
آذين,0.00%
آراد,0.00%
ارميا,0.00%
اروجعلي,0.00%
ازهار,0.00%
اسحاق,0.00%
اشرفي,0.00%
افتخار,0.00%
افسون,0.00%
افشار,0.00%
اميرارشيا,0.00%
اميرصالح,0.00%
اميرقلي,0.00%
اميركيوان,0.00%
اميرمحسن,0.00%
امينه سادات,0.00%
انوشيروان,0.00%
آهو,0.00%
آيلار,0.00%
ايناس,0.00%
بدران,0.00%
برات,0.00%
برات اله,0.00%
برهان,0.00%
بسعاد,0.00%
بمانجان,0.00%
بمانه,0.00%
بهبود,0.00%
بهشته,0.00%
بي بي خديجه,0.00%
بي بي سعيده,0.00%
بي بي سكينه,0.00%
بي بي طيبه,0.00%
بي بي مرضيه,0.00%
پريدخت,0.00%
تانيا,0.00%
تمنا,0.00%
توفيق,0.00%
ثناء,0.00%
ثناسادات,0.00%
جاني,0.00%
جعفرعلي,0.00%
جمعه,0.00%
جهاد,0.00%
جهانبخش,0.00%
حاجي رضا,0.00%
حديثه سادات,0.00%
حديقه,0.00%
حسان,0.00%
حشمت الله,0.00%
حكمت,0.00%
حوريا,0.00%
خداخواست,0.00%
خدامراد,0.00%
خداويردي,0.00%
خوشقدم,0.00%
دادخدا,0.00%
ذكريا,0.00%
ذكيه,0.00%
رابعه,0.00%
راضي,0.00%
راضيه السادات,0.00%
رامتين,0.00%
رحم بي بي,0.00%
رسميه,0.00%
رهام,0.00%
رئوفه,0.00%
زكيه سادات,0.00%
زهري,0.00%
زهير,0.00%
زينب خاتون,0.00%
ساره خاتون,0.00%
سامره,0.00%
سحرالسادات,0.00%
سكينه خاتون,0.00%
سلاله,0.00%
سلاله سادات,0.00%
سلطانعلي,0.00%
سلما,0.00%
سمين,0.00%
سها,0.00%
سودا,0.00%
سورنا,0.00%
سوره,0.00%
سوزان,0.00%
سيدابوالحسن,0.00%
سيداسمعيل,0.00%
سيداميد,0.00%
سيداميراحمد,0.00%
سيداميرعباس,0.00%
سيداميرمسعود,0.00%
سيدپارسا,0.00%
سيدحجت,0.00%
سيدحسام,0.00%
سيدحيدر,0.00%
سيدسپهر,0.00%
سيدشمس الدين,0.00%
سيدشهاب,0.00%
سيدصالح,0.00%
سيدضياء,0.00%
سيدطه,0.00%
سيدعبدالحسين,0.00%
سيدعبدالرحيم,0.00%
سيدعبدالرضا,0.00%
سيدعبدالله,0.00%
سيدعزيزاله,0.00%
سيدعماد,0.00%
سيدفضل اله,0.00%
سيدمحمدجعفر,0.00%
سيدمحمدمتين,0.00%
سيدمحمدياسين,0.00%
سيدنورالدين,0.00%
سيده اكرم,0.00%
سيده بتول,0.00%
سيده بنت الهدي,0.00%
سيده حديث,0.00%
سيده ربابه,0.00%
سيده ساجده,0.00%
سيده سپيده,0.00%
سيده سحر,0.00%
سيده سعيده,0.00%
سيده سمانه,0.00%
سيده صغري,0.00%
سيده عزت,0.00%
سيده فاطمه معصومه,0.00%
سيده فرشته,0.00%
سيده فهيمه,0.00%
سيده مهري,0.00%
سيده مهسا,0.00%
سيده مهين,0.00%
سيده نرجس خاتون,0.00%
سيده نساء,0.00%
سيده ياسمين,0.00%
سيديوسف,0.00%
شاپور,0.00%
شاه صنم,0.00%
شاهزاده,0.00%
شرافت,0.00%
شريعت,0.00%
شكرالله,0.00%
شمسي سادات,0.00%
شهربان,0.00%
شهرت,0.00%
شيداسادات,0.00%
صباح,0.00%
صباسادات,0.00%
صفوره,0.00%
صنعت,0.00%
صنم,0.00%
صورت,0.00%
طاهره بيگم,0.00%
طرلان,0.00%
طلا,0.00%
طنين,0.00%
طهماسب,0.00%
عاتكه,0.00%
عاليه السادات,0.00%
عباس علي,0.00%
عبدالجواد,0.00%
عبدالخالق,0.00%
عبدالرزاق,0.00%
عبدالزهرا,0.00%
عبدالعزيز,0.00%
عبدالمطلب,0.00%
عبدالهادي,0.00%
عجب ناز,0.00%
عدنان,0.00%
عزت الله,0.00%
عزت خانم,0.00%
عزيزالله,0.00%
عطااله,0.00%
عظمت,0.00%
عفت سادات,0.00%
علمدار,0.00%
علويه,0.00%
علي قربان,0.00%
عليا,0.00%
عنايت الله,0.00%
عوض,0.00%
عيدي محمد,0.00%
غدير,0.00%
غفور,0.00%
فاطمه حسني,0.00%
فاطمه محيا,0.00%
فاطمه مرضيه,0.00%
فتاح,0.00%
فرج,0.00%
فرزانه سادات,0.00%
فرزين,0.00%
فرهام,0.00%
فرهنگ,0.00%
فريال,0.00%
فريناز,0.00%
فضل,0.00%
فضل الله,0.00%
فلك ناز,0.00%
قباد,0.00%
قدم خير,0.00%
قديرعلي,0.00%
قسمه,0.00%
قهرمان,0.00%
كافيه,0.00%
كرم,0.00%
كمند,0.00%
كوثرسادات,0.00%
گل بس,0.00%
گل محمد,0.00%
گلبهار,0.00%
گلستان,0.00%
گودرز,0.00%
گيلان,0.00%
ماريه,0.00%
ماشاالله,0.00%
ماندگار,0.00%
ماه رخ,0.00%
مجاهد,0.00%
محبوب,0.00%
محمدآرمين,0.00%
محمدپرهام,0.00%
محمدجلال,0.00%
محمدجليل,0.00%
محمدسام,0.00%
محمدشايان,0.00%
محمدعرشيا,0.00%
محمدعماد,0.00%
محمدمعراج,0.00%
محمدمهيار,0.00%
محمدهاني,0.00%
محياسادات,0.00%
مرسانا,0.00%
مريم بانو,0.00%
مستوره,0.00%
مسعودرضا,0.00%
مصريه,0.00%
معصومه خاتون,0.00%
معظم,0.00%
مكي,0.00%
ملك تاج,0.00%
مليحه السادات,0.00%
منيرسادات,0.00%
مه ناز,0.00%
مهربان,0.00%
مهسان,0.00%
مهنوش,0.00%
مهين دخت,0.00%
ميرابراهيم,0.00%
ميرمحمد,0.00%
ناجيه,0.00%
نازنين زهراسادات,0.00%
ناهيدالسادات,0.00%
نبات,0.00%
نبي الله,0.00%
نجوا,0.00%
نرجس السادات,0.00%
نريمان,0.00%
نظرعلي,0.00%
نفيسه السادات,0.00%
نورالدين,0.00%
نيره سادات,0.00%
نيلوفرسادات,0.00%
هاجرالسادات,0.00%
هايده,0.00%
هرمز,0.00%
همت اله,0.00%
هيله,0.00%
واحد,0.00%
وجيه,0.00%
وجيهه السادات,0.00%
وجيهه سادات,0.00%
يگانه سادات,0.00%
آبتين,0.00%
آترين,0.00%
آتناسادات,0.00%
آتيه,0.00%
اثمر,0.00%
احترام سادات,0.00%
احسان الله,0.00%
احمدآقا,0.00%
احياء,0.00%
آدينه محمد,0.00%
آرشام,0.00%
آرشيدا,0.00%
آرمينا,0.00%
آروشا,0.00%
اسدعلي,0.00%
اسماءالسادات,0.00%
اسمعلي,0.00%
آسيه السادات,0.00%
اشرف خانم,0.00%
اشرف سادات,0.00%
آصفه,0.00%
اصلي,0.00%
اعظم خانم,0.00%
آفتاب,0.00%
افراسياب,0.00%
آفريده,0.00%
آفرين,0.00%
اكرمه,0.00%
اللهويردي,0.00%
الماس,0.00%
النازسادات,0.00%
اله داد,0.00%
اله رحم,0.00%
اله محمد,0.00%
الهامه,0.00%
الهويردي,0.00%
ام اليلا,0.00%
ام سلمه,0.00%
ام گلثوم,0.00%
امرالله,0.00%
آمنه خاتون,0.00%
امه كلثوم,0.00%
امه ليلي,0.00%
اميراحمد,0.00%
اميراشكان,0.00%
اميراله,0.00%
اميرجواد,0.00%
اميرصدرا,0.00%
اميرعرفان,0.00%
اميرعطا,0.00%
اميركسري,0.00%
اميرمختار,0.00%
اميرمنصور,0.00%
امين حسين,0.00%
امين طاها,0.00%
انتصار,0.00%
انتظار,0.00%
آنيل,0.00%
اهورا,0.00%
اورجعلي,0.00%
اياد,0.00%
اياز,0.00%
آيت,0.00%
آيت الله,0.00%
ايراندخت,0.00%
باب اله,0.00%
باجي,0.00%
بالاخانم,0.00%
بخشعلي,0.00%
بدرالزمان,0.00%
بشري,0.00%
بلال,0.00%
بمانه سلطان,0.00%
بماني,0.00%
بنت الهداء,0.00%
به ناز,0.00%
بهامين,0.00%
بهتاش,0.00%
بهلول,0.00%
بهيه,0.00%
بي بس,0.00%
بي بي اشرف,0.00%
بي بي تاج,0.00%
بي بي جميله,0.00%
بي بي ربابه,0.00%
بي بي رضيه,0.00%
بي بي صغري,0.00%
بي بي گل,0.00%
بي بي نرگس,0.00%
بيگم آغا,0.00%
پارميدا,0.00%
پانته آ,0.00%
پروين دخت,0.00%
پري ماه,0.00%
پرياسادات,0.00%
پريچهر,0.00%
پريساسادات,0.00%
پوران دخت,0.00%
پيروزه,0.00%
پيمانه,0.00%
تاج,0.00%
تاج گل,0.00%
تاج محمد,0.00%
تاجماه,0.00%
تاجيه,0.00%
تبسم,0.00%
تراب,0.00%
توكل,0.00%
ثامن,0.00%
ثمرخ,0.00%
جبريه,0.00%
جسومه,0.00%
جعفرقلي,0.00%
جمال الدين,0.00%
جنان,0.00%
چنگيز,0.00%
حاجي محمد,0.00%
حاجيه بي بي,0.00%
حاجيه خانم,0.00%
حامي,0.00%
حبيبه سلطان,0.00%
حجي محمد,0.00%
حجيه,0.00%
حديث سادات,0.00%
حسن رضا,0.00%
حسني سادات,0.00%
حسين آقا,0.00%
حسين جان,0.00%
حسينقلي,0.00%
حفيظه,0.00%
حكيم,0.00%
حميده السادات,0.00%
حنا,0.00%
حنانه السادات,0.00%
حواء,0.00%
خانم رباب,0.00%
خدارحم,0.00%
خدايار,0.00%
خديجه بيگم,0.00%
خديجه كبري,0.00%
خشايار,0.00%
خلف,0.00%
خليل اله,0.00%
دختر,0.00%
دختربس,0.00%
درخشنده,0.00%
درساسادات,0.00%
دلال,0.00%
دلاور,0.00%
دلسا,0.00%
رادين,0.00%
راضيه بيگم,0.00%
ربابه بيگم,0.00%
رجاء,0.00%
رجب علي,0.00%
رخشنده,0.00%
رز,0.00%
رساله,0.00%
رضاعلي,0.00%
رضاقلي,0.00%
رضي اله,0.00%
رفعت السادات,0.00%
رقيه السادات,0.00%
رقيه ثنا,0.00%
رنگينه,0.00%
روح الامين,0.00%
روزي,0.00%
روژين,0.00%
روژينا,0.00%
روشا,0.00%
روشن,0.00%
روناك,0.00%
رويأ,0.00%
رؤياسادات,0.00%
رئوف,0.00%
زاهد,0.00%
زاهده,0.00%
زمرد,0.00%
زهرابي بي,0.00%
زهراخانم,0.00%
زيتون,0.00%
زينت بيگم,0.00%
ژينا,0.00%
ساحل,0.00%
ساره سادات,0.00%
ساريناسادات,0.00%
ساسان,0.00%
سام,0.00%
ساميار,0.00%
ستاره سادات,0.00%
سراج الدين,0.00%
سراله,0.00%
سعدي,0.00%
سعيداله,0.00%
سفانه,0.00%
سكينه السادات,0.00%
سكينه سادات,0.00%
سلوي,0.00%
سماسادات,0.00%
سمرقند,0.00%
سنيه,0.00%
سهند,0.00%
سهيلاالسادات,0.00%
سوريه,0.00%
سيب گل,0.00%
سيداسداله,0.00%
سيداشكان,0.00%
سيدالياس,0.00%
سيدايليا,0.00%
سيدايوب,0.00%
سيدپوريا,0.00%
سيدجاسم,0.00%
سيدحجت اله,0.00%
سيدخدابخش,0.00%
سيدرحمان,0.00%
سيدرحيم,0.00%
سيدزين العابدين,0.00%
سيدشهريار,0.00%
سيدصدرا,0.00%
سيدطارق,0.00%
سيدطاهر,0.00%
سيدعبدالحميد,0.00%
سيدعبدالعظيم,0.00%
سيدعبدالعلي,0.00%
سيدعظيم,0.00%
سيدعلاء,0.00%
سيدغلامعلي,0.00%
سيدفاخر,0.00%
سيدفاضل,0.00%
سيدفرشاد,0.00%
سيدقائم,0.00%
سيدكبري,0.00%
سيدكمال الدين,0.00%
سيدكميل,0.00%
سيدلطيف,0.00%
سيدماشاءاله,0.00%
سيدماشااله,0.00%
سيدمحمدسبحان,0.00%
سيدمحمدسينا,0.00%
سيدمحمدطه,0.00%
سيدمحمدعرفان,0.00%
سيدمحمدفاضل,0.00%
سيدمحمدكاظم,0.00%
سيدمحمدمبين,0.00%
سيدمحمدمحسن,0.00%
سيدمحمدمصطفي,0.00%
سيدمحي الدين,0.00%
سيدمهدي يار,0.00%
سيدناجي,0.00%
سيدنبي اله,0.00%
سيدنعمت,0.00%
سيدنعمت اله,0.00%
سيده,0.00%
سيده آتنا,0.00%
سيده آسيه,0.00%
سيده افسانه,0.00%
سيده ام البنين,0.00%
سيده انسيه,0.00%
سيده آيدا,0.00%
سيده بلقيس,0.00%
سيده حسنا,0.00%
سيده راحله,0.00%
سيده رحيمه,0.00%
سيده رها,0.00%
سيده زكيه,0.00%
سيده زهراء,0.00%
سيده زيبا,0.00%
سيده سادات,0.00%
سيده سعادت,0.00%
سيده سليمه,0.00%
سيده شايسته,0.00%
سيده شهناز,0.00%
سيده شيدا,0.00%
سيده شيما,0.00%
سيده شيوا,0.00%
سيده عارفه,0.00%
سيده عاليه,0.00%
سيده فرزانه,0.00%
سيده فروغ,0.00%
سيده فريده,0.00%
سيده مدينه,0.00%
سيده منصوره,0.00%
سيده منيره,0.00%
سيده مهلا,0.00%
سيده نازنين زهرا,0.00%
سيده ناهيد,0.00%
سيده نجيبه,0.00%
سيده نورالزهرا,0.00%
سيده هدا,0.00%
سيديداله,0.00%
سيران,0.00%
سيف الله,0.00%
سيمين عذار,0.00%
شاكر,0.00%
شاهپور,0.00%
شاينا,0.00%
شجاع,0.00%
شروق,0.00%
شريف,0.00%
شفق,0.00%
شفيعه,0.00%
شكرخدا,0.00%
شمس السادات,0.00%
شمس الله,0.00%
شمس الملوك,0.00%
شمسي خانم,0.00%
شميمه,0.00%
شهدخت,0.00%
شهره بانو,0.00%
شهزاد,0.00%
شهيده,0.00%
شورانگيز,0.00%
شيرزاد,0.00%
شيرعلي,0.00%
شيرين جان,0.00%
شيماسادات,0.00%
شيواسادات,0.00%
صابره,0.00%
صاحبجان,0.00%
صاميه,0.00%
صبريه,0.00%
صبورا,0.00%
صدام,0.00%
صدرالدين,0.00%
صديقه خانم,0.00%
صياد,0.00%
ضرغام,0.00%
ضياء,0.00%
طارق,0.00%
طليعه,0.00%
طهماس,0.00%
طوبا,0.00%
طوطي,0.00%
طيبه السادات,0.00%
طيبه سادات,0.00%
عابده,0.00%
عاشور,0.00%
عالم تاج,0.00%
عالمتاج,0.00%
عبدالاحد,0.00%
عبدالباقي,0.00%
عبدالجليل,0.00%
عبدالساده,0.00%
عبدالصاحب,0.00%
عبدالصالح,0.00%
عبدالغفور,0.00%
عبدالكاظم,0.00%
عبدالواحد,0.00%
عديله,0.00%
عزت بانو,0.00%
عزيزمراد,0.00%
عسكر,0.00%
عصمت بيگم,0.00%
عصمت سادات,0.00%
عطري جان,0.00%
عطيه السادات,0.00%
عفت السادات,0.00%
عفت بيگم,0.00%
علم ناز,0.00%
علي عسكر,0.00%
علي فت,0.00%
علي كرم,0.00%
علي مهدي,0.00%
عليمحمد,0.00%
عمادرضا,0.00%
عميد,0.00%
عنبرخاتون,0.00%
عون,0.00%
عيدي,0.00%
عين الله,0.00%
غانم,0.00%
غزل سادات,0.00%
فاطمه حورا,0.00%
فاطمه زهراسادات,0.00%
فاطمه زينب,0.00%
فاطمه كوثر,0.00%
فاطمه نرجس,0.00%
فاطمه هستي,0.00%
فاطيماسادات,0.00%
فانوس,0.00%
فائز,0.00%
فايزه,0.00%
فتح الله,0.00%
فتحيه,0.00%
فخرالملوك,0.00%
فخري سادات,0.00%
فراز,0.00%
فرح روز,0.00%
فرحانه,0.00%
فرحه,0.00%
فرخنده سادات,0.00%
فرشته السادات,0.00%
فرصت,0.00%
فرنيا,0.00%
فرود,0.00%
فريما,0.00%
فضيلت,0.00%
فهيم,0.00%
قدريه,0.00%
قدمخير,0.00%
قمرتاج,0.00%
قنبرعلي,0.00%
قيمتي,0.00%
كارن,0.00%
كامل,0.00%
كامله,0.00%
كاوس,0.00%
كاوه,0.00%
كبراء,0.00%
كبرابيگم,0.00%
كبريا,0.00%
كرم الله,0.00%
كسرا,0.00%
كميله,0.00%
كوثرالسادات,0.00%
كوچكعلي,0.00%
كيارش,0.00%
گشتاسب,0.00%
گل,0.00%
گل افشان,0.00%
گل اندام,0.00%
گل تاج,0.00%
گل زاده,0.00%
گلاب,0.00%
گلاره,0.00%
گلچهره,0.00%
گلندام,0.00%
گوهربيگم,0.00%
لازم,0.00%
لفته,0.00%
لمياء,0.00%
ليلان,0.00%
ليلي السادات,0.00%
ماتينا,0.00%
مانيا,0.00%
ماه بانو,0.00%
ماه بيگم,0.00%
ماه جبين,0.00%
ماه خانم,0.00%
ماه زر,0.00%
ماهزاده,0.00%
مبيناالسادات,0.00%
متينا,0.00%
محترم السادات,0.00%
محترم سادات,0.00%
محجوبه,0.00%
محفوظه,0.00%
محمدآقا,0.00%
محمدايليا,0.00%
محمدپويا,0.00%
محمدجان,0.00%
محمدجمال,0.00%
محمدخليل,0.00%
محمدسپهر,0.00%
محمدسروش,0.00%
محمدشهاب,0.00%
محمدعابد,0.00%
محمدعباس,0.00%
محمدفؤاد,0.00%
محمدقربان,0.00%
محمدكريم,0.00%
محمدكمال,0.00%
محمدمجتبي,0.00%
محمدمسيح,0.00%
محمدمنصور,0.00%
محمدميثم,0.00%
محمدولي,0.00%
محمودعلي,0.00%
محياالسادات,0.00%
مخدره,0.00%
مردعلي,0.00%
مرصع,0.00%
مژگان سادات,0.00%
مصور,0.00%
مطلب,0.00%
مطهره السادات,0.00%
معرفت,0.00%
معصومه بيگم,0.00%
معين الدين,0.00%
ملائكه,0.00%
ملك السادات,0.00%
ملكيه,0.00%
مليسا,0.00%
مليكاسادات,0.00%
ممتاز,0.00%
منتظر,0.00%
منتهي,0.00%
منوره,0.00%
منيره سادات,0.00%
مهبانو,0.00%
مهدا,0.00%
مهداد,0.00%
مهديقلي,0.00%
مهرافروز,0.00%
مهرانه سادات,0.00%
مهرنگار,0.00%
مهري السادات,0.00%
مهشيدسادات,0.00%
مهيا,0.00%
موحده,0.00%
موژان,0.00%
ميرحسن,0.00%
ميرزاجواد,0.00%
ميرزاعلي,0.00%
ميرزامحمد,0.00%
ميرعلي,0.00%
ميرمسعود,0.00%
ناجي,0.00%
نازگل,0.00%
نازملك,0.00%
نازنين سادات,0.00%
نازيتا,0.00%
نبي,0.00%
نجفقلي,0.00%
نجمه خاتون,0.00%
نديمه,0.00%
نرمين,0.00%
نزهت,0.00%
نسرين السادات,0.00%
نسرين سادات,0.00%
نصرالدين,0.00%
نصرت بانو,0.00%
نگارسادات,0.00%
نگين السادات,0.00%
نوبر,0.00%
نورالزهرا,0.00%
نورجهان,0.00%
نورخاتون,0.00%
نورخدا,0.00%
نورعلي,0.00%
نويده,0.00%
نيايش سادات,0.00%
هاجيه خانم,0.00%
هانا,0.00%
هانيا,0.00%
هانيه السادات,0.00%
هديه زهرا,0.00%
هستي سادات,0.00%
همت,0.00%
هيفاء,0.00%
ونوس,0.00%
يارالله,0.00%
ياسمن السادات,0.00%
يسناسادات,0.00%
يعقوبعلي,0.00%
يغما,0.00%
يگانه زهرا,0.00%
اباالحسن,0.00%
اباسلت,0.00%
اباصالح,0.00%
ابالحسن,0.00%
ابتهاج,0.00%
ابراهيم خليل,0.00%
ابراهيم علي,0.00%
آتاناز,0.00%
آتناالسادات,0.00%
اجباريه,0.00%
آجي,0.00%
احدالله,0.00%
احسان الرضا,0.00%
احسان اله,0.00%
احسانعلي,0.00%
احمدحسين,0.00%
آخرداد,0.00%
اخضر,0.00%
اديب,0.00%
آدينه علي,0.00%
آذرخانم,0.00%
آذردوخت,0.00%
آذين سادات,0.00%
ارازمحمد,0.00%
آرتميس,0.00%
ارج,0.00%
ارجعلي,0.00%
اردك خانم,0.00%
اردلان,0.00%
اردوان,0.00%
آرسام,0.00%
ارسطو,0.00%
آرشا,0.00%
ارشاد,0.00%
ارشام,0.00%
ارشك,0.00%
آرشين,0.00%
ارغوان,0.00%
ارمان,0.00%
ارمغان,0.00%
ارمين,0.00%
آرنيكا,0.00%
آرينا,0.00%
آزاد,0.00%
آزاده السادات,0.00%
ازهر,0.00%
اژدر,0.00%
آستاره,0.00%
استرم,0.00%
اسدخان,0.00%
اسدمراد,0.00%
اسلامعلي,0.00%
اسماسادات,0.00%
آسناسادات,0.00%
اشراق,0.00%
اشرف آغا,0.00%
اشرف سلطان,0.00%
اشكبوس,0.00%
آصف,0.00%
اصيله,0.00%
اطلس,0.00%
اطهره السادات,0.00%
اعلاء,0.00%
اعلاءالدين,0.00%
آغابي بي,0.00%
آغاسلطان,0.00%
آغاعصمت,0.00%
آغجه,0.00%
افاق,0.00%
افاقه,0.00%
افتخارالسادات,0.00%
افتخارسادات,0.00%
آفر,0.00%
افراح,0.00%
افروزسادات,0.00%
افسرالسادات,0.00%
افسرالملوك,0.00%
افشان,0.00%
افضله,0.00%
افلاطون,0.00%
آقارحيم,0.00%
آقاعلي,0.00%
اقباله,0.00%
اقدس السادات,0.00%
اقدس بانو,0.00%
اقدس سادات,0.00%
اقدسه,0.00%
اقليما,0.00%
اقليمه,0.00%
آلاءسادات,0.00%
الارا,0.00%
الاهه,0.00%
البرز,0.00%
السا,0.00%
الطفات,0.00%
الفت,0.00%
الله رحم,0.00%
الله وردي,0.00%
اللهقلي,0.00%
اللهه,0.00%
اللهيار,0.00%
آلما,0.00%
النازالسادات,0.00%
اله كرم,0.00%
اله مراد,0.00%
اله يار,0.00%
الهام سادات,0.00%
الهمراد,0.00%
الهيار,0.00%
اليانا,0.00%
اليزا,0.00%
ام البني,0.00%
ام البنين السادات,0.00%
ام البنين سادات,0.00%
ام الحبيبه,0.00%
ام الخير,0.00%
ام الهدي,0.00%
ام حاني,0.00%
ام هاني,0.00%
امامقلي,0.00%
امامه,0.00%
امان الله,0.00%
امراه,0.00%
امرعلي,0.00%
امنه,0.00%
آمنه خواتون,0.00%
امنيت,0.00%
امه ليلا,0.00%
امه ليلان,0.00%
اميراتابك,0.00%
اميراحسان,0.00%
اميرآراد,0.00%
اميرآقا,0.00%
اميرالدين,0.00%
اميرالله,0.00%
اميربهرام,0.00%
اميرپاشا,0.00%
اميرپويا,0.00%
اميرزاده,0.00%
اميرستار,0.00%
اميرسعيد,0.00%
اميرسينا,0.00%
اميرشهاب,0.00%
اميرصادق,0.00%
اميرفاضل,0.00%
اميرفخرالدين,0.00%
اميركيان,0.00%
اميرمتين,0.00%
اميرمصطفي,0.00%
اميرهادي,0.00%
اميرهمايون,0.00%
اميروحيد,0.00%
اميرياسين,0.00%
اميريوسف,0.00%
امين الله,0.00%
امين عبدالغفار,0.00%
امين مهدي,0.00%
امينه السادات,0.00%
آنا,0.00%
انبياء,0.00%
آنسه,0.00%
انسي,0.00%
انسيه خانم,0.00%
انسيه سادات,0.00%
انعام,0.00%
انعام الله,0.00%
آنوشا,0.00%
انيس اغا,0.00%
انيسا,0.00%
آنيسا,0.00%
انيسه السادات,0.00%
آهوجان,0.00%
اورانوس,0.00%
اورينب,0.00%
اولدوز,0.00%
اولياء,0.00%
اويس,0.00%
آي تك,0.00%
ايپك ناز,0.00%
ايت اله,0.00%
ايثار,0.00%
آيداالسادات,0.00%
ايده,0.00%
ايلناز,0.00%
ايليار,0.00%
ايمانعلي,0.00%
ايمانه,0.00%
آيه,0.00%
آئين,0.00%
باب علي,0.00%
باباخان,0.00%
بابائي,0.00%
باج گل,0.00%
باربد,0.00%
بازعلي,0.00%
باسم,0.00%
باسمه,0.00%
باغداگل,0.00%
بالا,0.00%
بانو,0.00%
بانونساء,0.00%
بايرامعلي,0.00%
بدرالدين,0.00%
بدري السادات,0.00%
بدري سادات,0.00%
بدل,0.00%
بدي الله,0.00%
بدير,0.00%
بديره,0.00%
بديع الله,0.00%
بديع اله,0.00%
برات محمد,0.00%
برزان,0.00%
برزو,0.00%
برساد,0.00%
برسام,0.00%
بزرگ,0.00%
بساط,0.00%
بسته گل,0.00%
بسوه,0.00%
بسيج خانم,0.00%
بشارت خانم,0.00%
بشري سادات,0.00%
بصير,0.00%
بصيره,0.00%
بگم,0.00%
بلبل,0.00%
بلور,0.00%
بلورجان,0.00%
بمان,0.00%
بمان اله,0.00%
بمان خانم,0.00%
بمان سلطان,0.00%
بمانا,0.00%
بماناد,0.00%
بن يامين,0.00%
بنيه,0.00%
بهارك,0.00%
بهاره سادات,0.00%
بهتام,0.00%
بهجت دخت,0.00%
بهداد,0.00%
بهرخ,0.00%
بهروزعلي,0.00%
بهفر,0.00%
بهنوش,0.00%
بولود,0.00%
بي بي افسانه,0.00%
بي بي امينه,0.00%
بي بي انسيه,0.00%
بي بي رقيه,0.00%
بي بي ريحانه,0.00%
بي بي سميه,0.00%
بي بي سهيلا,0.00%
بي بي علويه,0.00%
بي بي ماشااله,0.00%
بي بي مريم,0.00%
بي بي منصوره,0.00%
بي بي مهديه,0.00%
بي بي نصرت,0.00%
بي بي هاجر,0.00%
بي نظير,0.00%
بيات,0.00%
بيان,0.00%
بيت اله,0.00%
بيخوش,0.00%
بيرامعلي,0.00%
بينه,0.00%
بيوك,0.00%
پاكيزه,0.00%
پانا,0.00%
پانيا,0.00%
پرتو,0.00%
پرناز,0.00%
پرند,0.00%
پره گل,0.00%
پروا,0.00%
پرور,0.00%
پرورده,0.00%
پروين السادات,0.00%
پروين سادات,0.00%
پري جهان,0.00%
پري چهر,0.00%
پري خانم,0.00%
پري زاد,0.00%
پري سا,0.00%
پري گل,0.00%
پريجان,0.00%
پريرخ,0.00%
پريزاد,0.00%
پريسيما,0.00%
پريماه سادات,0.00%
پرينا,0.00%
پگاه سادات,0.00%
پنجعلي,0.00%
پنجه علي,0.00%
پورياعلي,0.00%
پولاد,0.00%
تابان,0.00%
تاج الملوك,0.00%
تاج بي بي,0.00%
تاج خانم,0.00%
تاج دولت,0.00%
تاج سادات,0.00%
تاج طلا,0.00%
تاج ماه,0.00%
تاج ملك,0.00%
تاجعلي,0.00%
تاجهن,0.00%
تاجور,0.00%
تارويردي,0.00%
تامارا,0.00%
تبارك,0.00%
تحسينه,0.00%
ترانه سادات,0.00%
ترحم,0.00%
تركيه,0.00%
ترلان,0.00%
ترنگ,0.00%
تسيار,0.00%
تماشا,0.00%
تنديس,0.00%
تهاني,0.00%
توحيدرضا,0.00%
تيارا,0.00%
ثاراله,0.00%
ثمانه,0.00%
ثمانيه,0.00%
ثمين سادات,0.00%
ثمينا,0.00%
ثمينه,0.00%
ثنوه,0.00%
ثوبان,0.00%
جابرعلي,0.00%
جاريه,0.00%
جاسميه,0.00%
جان افروز,0.00%
جان بي بي,0.00%
جان محمد,0.00%
جانعلي,0.00%
جانمحمد,0.00%
جاهد,0.00%
جبرائيل,0.00%
جبري,0.00%
جسمه,0.00%
جلال الدين,0.00%
جمال خاتون,0.00%
جميله السادات,0.00%
جميله سلطان,0.00%
جنگي,0.00%
جهادالدين,0.00%
جهان افروز,0.00%
جهان گل,0.00%
جهانتاب,0.00%
جهانگرد,0.00%
چاكر,0.00%
چايهن,0.00%
چراغعلي,0.00%
چملك,0.00%
چمن,0.00%
چمننار,0.00%
حاتمه,0.00%
حاج علي,0.00%
حاجي امير,0.00%
حاجي بي بي,0.00%
حاجي قربان,0.00%
حاجي محمود,0.00%
حاجيقلي,0.00%
حاجيه خواتون,0.00%
حاصل,0.00%
حافظه,0.00%
حامده السادات,0.00%
حبابه,0.00%
حبل المتين,0.00%
حجابه,0.00%
حجته اله,0.00%
حجي علي,0.00%
حجي محمود,0.00%
حجيه بي بي,0.00%
حجيه بيگم,0.00%
حجيه ربابه,0.00%
حدسيه,0.00%
حديث السادات,0.00%
حديثه السادات,0.00%
حديقه بانو,0.00%
حرالدين,0.00%
حرمت سادات,0.00%
حسانه,0.00%
حسن علي,0.00%
حسيبه,0.00%
حسين مهدي,0.00%
حسينجان,0.00%
حشمته,0.00%
حضرتقلي,0.00%
حفظ اله,0.00%
حكمت اله,0.00%
حكمعلي,0.00%
حكوم,0.00%
حكيمه السادات,0.00%
حكيمه خاتون,0.00%
حلماء,0.00%
حلو,0.00%
حليا,0.00%
حليمه السادات,0.00%
حليمه سادات,0.00%
حليه,0.00%
حمد,0.00%
حمدان,0.00%
حمديه,0.00%
حمزه فخرالدين,0.00%
حميداله,0.00%
حواناز,0.00%
حورأ,0.00%
حوراسادات,0.00%
حورالعين,0.00%
حوربانو,0.00%
حوري خانم,0.00%
حوريه السادات,0.00%
حيان,0.00%
حيران,0.00%
خاتم,0.00%
خاتمه سادات,0.00%
خاتونجان,0.00%
خاص بانو,0.00%
خالق,0.00%
خان بي بي,0.00%
خانم,0.00%
خانم بي بي,0.00%
خانم تاج,0.00%
خانم جان,0.00%
خانم حياء,0.00%
خانم زر,0.00%
خانم عصمت,0.00%
خانم كوچك,0.00%
خانم گل,0.00%
خانم ملوك,0.00%
خانم ناز,0.00%
خانم نساء,0.00%
خاني,0.00%
خاوربيگم,0.00%
خدارضا,0.00%
خداويس,0.00%
خديجه السادات,0.00%
خذر,0.00%
خرمعلي,0.00%
خزائل,0.00%
خضراله,0.00%
خضير,0.00%
خلود,0.00%
خليفه,0.00%
خليل احمد,0.00%
خليل الله,0.00%
خمار,0.00%
خمسه,0.00%
خواجه نصير,0.00%
خوب ناز,0.00%
خوردي,0.00%
خورشيدبانو,0.00%
خوش فكر,0.00%
خياره,0.00%
خيبر,0.00%
خيرالله,0.00%
خيرالنساءبيگم,0.00%
خيران,0.00%
خيرانساء,0.00%
خيرنساء,0.00%
داداشعلي,0.00%
دادشاه,0.00%
دادملك,0.00%
دادي,0.00%
دارا,0.00%
دانش,0.00%
داودعلي,0.00%
داور,0.00%
دخيل,0.00%
دخيل محمد,0.00%
دده جان,0.00%
درعلي,0.00%
درمحمد,0.00%
درملك,0.00%
دشتي,0.00%
دعا,0.00%
دفتر,0.00%
دل آرا,0.00%
دل آرام سادات,0.00%
دلارام,0.00%
دلشادخاتون,0.00%
دلكش,0.00%
دلناز,0.00%
دنيابهاء,0.00%
دنيز,0.00%
دوستعلي,0.00%
دويره,0.00%
ديانت الله,0.00%
ديبا,0.00%
ديدار,0.00%
دين الحق,0.00%
دين محمد,0.00%
ذبد,0.00%
ذبيح,0.00%
ذوالفعلي,0.00%
ذولفقار,0.00%
ذوليخا,0.00%
ذيقم,0.00%
رابيه,0.00%
راحله السادات,0.00%
رادمان,0.00%
راشد,0.00%
راشن,0.00%
رامان,0.00%
رامش,0.00%
رانيا,0.00%
رانيه,0.00%
راه خدا,0.00%
راهيله,0.00%
راويه,0.00%
رايان,0.00%
رايحه,0.00%
رباب خانم,0.00%
ربيع,0.00%
رحاب,0.00%
رحم خدا,0.00%
رحمتي,0.00%
رحمه,0.00%
رحيمه سادات,0.00%
رخسار,0.00%
رخسانه,0.00%
رزاق,0.00%
رزان,0.00%
رزيتا,0.00%
رزيقه,0.00%
رسا,0.00%
رستا,0.00%
رستمعلي,0.00%
رسيله,0.00%
رشيده,0.00%
رضاء,0.00%
رضامراد,0.00%
رضوان السادات,0.00%
رضيه السادات,0.00%
رعيد,0.00%
رفيع اله,0.00%
رقيبه,0.00%
رقيه بيگم,0.00%
رقيه خواتون,0.00%
رمله,0.00%
رهبر,0.00%
رهنا,0.00%
روجا,0.00%
روح الدين,0.00%
روحان,0.00%
روحيه,0.00%
روزعلي,0.00%
روزگل,0.00%
روزيتا,0.00%
روزيه,0.00%
رونيكا,0.00%
روياسادات,0.00%
رياحي,0.00%
ريما,0.00%
زادعلي,0.00%
زاكيه,0.00%
زائره,0.00%
زباري,0.00%
زبيح اله,0.00%
زبيده خواتون,0.00%
زرافشان,0.00%
زربي بي,0.00%
زرتاج,0.00%
زرنگار,0.00%
زرين دخت,0.00%
زكيه السادات,0.00%
زلفا,0.00%
زلفعلي,0.00%
زليخاه,0.00%
زنوبه,0.00%
زهراءالسادات,0.00%
زهراءسادات,0.00%
زهرابگم,0.00%
زهراخاتون,0.00%
زهرامشهوربه سونيا,0.00%
زهور,0.00%
زوار,0.00%
زيباخانم,0.00%
زيباسادات,0.00%
زيبر,0.00%
زيد,0.00%
زيداله,0.00%
زين الدين,0.00%
زينت سادات,0.00%
زينل,0.00%
زيورالسادات,0.00%
ژانت,0.00%
ساتيار,0.00%
ساجده زهرا,0.00%
سادات بيگم,0.00%
ساراء,0.00%
ساراالسادات,0.00%
ساراخاتون,0.00%
ساعده,0.00%
سالينا,0.00%
ساهيه,0.00%
سايان,0.00%
سايدا,0.00%
سباسادات,0.00%
سبحانه,0.00%
سبزعلي,0.00%
سبيكه,0.00%
سبيكه السادات,0.00%
سپنتا,0.00%
سپنتام,0.00%
سپيده سادات,0.00%
ستايش السادات,0.00%
سجاده,0.00%
سحاب,0.00%
سحرناز,0.00%
سدنا,0.00%
سديده,0.00%
سرايل,0.00%
سردار,0.00%
سرسان,0.00%
سرفراز,0.00%
سروده,0.00%
سرورالسادات,0.00%
سروگل,0.00%
سروي,0.00%
سروين,0.00%
سرين گل,0.00%
سعادت اله,0.00%
سعاده,0.00%
سعد,0.00%
سعدون,0.00%
سعيده خانم,0.00%
سكينه سلطان,0.00%
سلاطين,0.00%
سلامت,0.00%
سلبي,0.00%
سلبي ناز,0.00%
سلطان بيگم,0.00%
سلطان علي,0.00%
سلطانمراد,0.00%
سلمانعلي,0.00%
سلمي,0.00%
سلوا,0.00%
سلوه,0.00%
سليمه سادات,0.00%
سلين,0.00%
سماءسادات,0.00%
سماره,0.00%
سمايه,0.00%
سمن سا,0.00%
سمينا,0.00%
سندس,0.00%
سنمبر,0.00%
سهامه,0.00%
سهر,0.00%
سهلعلي,0.00%
سهيلاسادات,0.00%
سوادي,0.00%
سودةالسادات,0.00%
سوري,0.00%
سوريهء,0.00%
سوسن السادات,0.00%
سوسن بر,0.00%
سوسن سادات,0.00%
سوسن گل,0.00%
سوگلي,0.00%
سوگندسادات,0.00%
سونا,0.00%
سوين,0.00%
سويه,0.00%
سيدابوذر,0.00%
سيدابوطالب,0.00%
سيداحد,0.00%
سيدارشيا,0.00%
سيدآريا,0.00%
سيدآرين,0.00%
سيداسكندر,0.00%
سيداشرف,0.00%
سيداعلاء,0.00%
سيدآقا,0.00%
سيداقاملا,0.00%
سيدامجد,0.00%
سيداميدرضا,0.00%
سيداميدعلي,0.00%
سيداميرابوالفضل,0.00%
سيداميرارسلان,0.00%
سيداميرحافظ,0.00%
سيداميرحسن,0.00%
سيداميرحيدر,0.00%
سيداميرمحسن,0.00%
سيدامين الدين,0.00%
سيدامين الله,0.00%
سيدآيت اله,0.00%
سيدايرج,0.00%
سيدبابك,0.00%
سيدبراتعلي,0.00%
سيدبلقيس,0.00%
سيدبهاء الدين,0.00%
سيدبهراد,0.00%
سيدبهرام,0.00%
سيدبهزاد,0.00%
سيدبيوك,0.00%
سيدپدرام,0.00%
سيدپرهام,0.00%
سيدپرويز,0.00%
سيدپيمان,0.00%
سيدپيوند,0.00%
سيدتاج الدين,0.00%
سيدتراب,0.00%
سيدتوحيد,0.00%
سيدجابر,0.00%
سيدجبار,0.00%
سيدجبل,0.00%
سيدجمال الدين,0.00%
سيدجميل,0.00%
سيدجهان بخش,0.00%
سيدحسنعلي,0.00%
سيدحشمت اله,0.00%
سيدحكيم,0.00%
سيدخداكرم,0.00%
سيدخسرو,0.00%
سيدخلف,0.00%
سيدخليل,0.00%
سيدخليل اله,0.00%
سيدداريوش,0.00%
سيدداوود,0.00%
سيدرادين,0.00%
سيدراستين,0.00%
سيدراضي,0.00%
سيدراغب,0.00%
سيدرجبعلي,0.00%
سيدرفيع,0.00%
سيدركن الدين,0.00%
سيدرمضانعلي,0.00%
سيدروح الامين,0.00%
سيدرئوف,0.00%
سيدساجد,0.00%
سيدسبزعلي,0.00%
سيدسروش,0.00%
سيدسعادت,0.00%
سيدسلمان,0.00%
سيدسليمان,0.00%
سيدسهيل,0.00%
سيدسينا,0.00%
سيدشجاع,0.00%
سيدشرف الدين,0.00%
سيدشفاعت اله,0.00%
سيدصابر,0.00%
سيدصاحب,0.00%
سيدصبيح,0.00%
سيدصدرالدين,0.00%
سيدصدراله,0.00%
سيدصديقه,0.00%
سيدصفر,0.00%
سيدصفرعلي,0.00%
سيدصفي الله,0.00%
سيدصمد,0.00%
سيدصمصام,0.00%
سيدصوفي,0.00%
سيدضربعلي,0.00%
سيدضياءالدين,0.00%
سيدعادل,0.00%
سيدعارف,0.00%
سيدعاشور,0.00%
سيدعامر,0.00%
سيدعباد,0.00%
سيدعباسعلي,0.00%
سيدعبدالأمير,0.00%
سيدعبدالرحمن,0.00%
سيدعبدالمجيد,0.00%
سيدعبدالمطلب,0.00%
سيدعبدالهادي,0.00%
سيدعدنان,0.00%
سيدعرشيا,0.00%
سيدعزيز,0.00%
سيدعطا,0.00%
سيدعطوف,0.00%
سيدعلي مرتضي,0.00%
سيدعلي نقي,0.00%
سيدعنايت,0.00%
سيدعوده,0.00%
سيدعيسي,0.00%
سيدغلامحسين,0.00%
سيدغني,0.00%
سيدفاروق,0.00%
سيدفاطمه,0.00%
سيدفرزاد,0.00%
سيدفريدون,0.00%
سيدفياض,0.00%
سيدقباد,0.00%
سيدقدرت اله,0.00%
سيدكامبيز,0.00%
سيدكامران,0.00%
سيدكورش,0.00%
سيدكيان,0.00%
سيدلطف الله,0.00%
سيدماهان,0.00%
سيدمبشر,0.00%
سيدمتين,0.00%
سيدمحمداحسان,0.00%
سيدمحمدآرش,0.00%
سيدمحمدآقا,0.00%
سيدمحمدحامد,0.00%
سيدمحمدحسام,0.00%
سيدمحمدرسول,0.00%
سيدمحمدسپهر,0.00%
سيدمحمدسهيل,0.00%
سيدمحمدشهاب,0.00%
سيدمحمدطاهر,0.00%
سيدمحمدعارف,0.00%
سيدمحمدعماد,0.00%
سيدمحمدكريم,0.00%
سيدمحمدمسعود,0.00%
سيدمحمدمسلم,0.00%
سيدمحمدهاشم,0.00%
سيدمحمدهاني,0.00%
سيدمحمديونس,0.00%
سيدمحمودرضا,0.00%
سيدمحيط,0.00%
سيدمستعان,0.00%
سيدمسرور,0.00%
سيدمسيب,0.00%
سيدمسيحا,0.00%
سيدمصباح,0.00%
سيدمظاهر,0.00%
سيدمعين الدين,0.00%
سيدمهدي رضا,0.00%
سيدمهديار,0.00%
سيدمهراب,0.00%
سيدمهران,0.00%
سيدمهرداد,0.00%
سيدمهيار,0.00%
سيدنادر,0.00%
سيدنظام الدين,0.00%
سيدنظر,0.00%
سيدنظرعلي,0.00%
سيدنقي,0.00%
سيدنواب,0.00%
سيدنوراله,0.00%
سيدنيما,0.00%
سيده احلام,0.00%
سيده اختر,0.00%
سيده آرميتا,0.00%
سيده اسما,0.00%
سيده اسماء,0.00%
سيده اشرف,0.00%
سيده آفاق,0.00%
سيده افشان,0.00%
سيده الميرا,0.00%
سيده الينا,0.00%
سيده اميره,0.00%
سيده امينه,0.00%
سيده آيات,0.00%
سيده ايران,0.00%
سيده بنت الهدا,0.00%
سيده بي بي,0.00%
سيده بيگم,0.00%
سيده پارسانا,0.00%
سيده پرنيا,0.00%
سيده پروين,0.00%
سيده پري سيما,0.00%
سيده پريا,0.00%
سيده پريسا,0.00%
سيده تكتم,0.00%
سيده تهمينه,0.00%
سيده ثريا,0.00%
سيده ثنا,0.00%
سيده جميله,0.00%
سيده حبيبه,0.00%
سيده حديثه,0.00%
سيده حسني,0.00%
سيده حمديه,0.00%
سيده حيات,0.00%
سيده خاتون,0.00%
سيده خوله,0.00%
سيده دريا,0.00%
سيده دنيا,0.00%
سيده رخساره,0.00%
سيده رضوان,0.00%
سيده روجا,0.00%
سيده رويا,0.00%
سيده رئوفه,0.00%
سيده زبيده,0.00%
سيده زليخا,0.00%
سيده زينت,0.00%
سيده ساره,0.00%
سيده سارينا,0.00%
سيده ستاره,0.00%
سيده ستايش,0.00%
سيده سروه,0.00%
سيده سماحه,0.00%
سيده سمرقند,0.00%
سيده سودابه,0.00%
سيده سوده,0.00%
سيده سوگند,0.00%
سيده سونيا,0.00%
سيده سوين,0.00%
سيده شريفه,0.00%
سيده شهلا,0.00%
سيده صبا,0.00%
سيده صغرا,0.00%
سيده صفا,0.00%
سيده صفورا,0.00%
سيده طهورا,0.00%
سيده عذرا,0.00%
سيده عشرت,0.00%
سيده عصمت,0.00%
سيده عطيه,0.00%
سيده عفيفه,0.00%
سيده علويه,0.00%
سيده غزال,0.00%
سيده غزاله,0.00%
سيده فاطمه الزهرا,0.00%
سيده فاطمه بي بي,0.00%
سيده فاطمه صغري,0.00%
سيده فاطيما,0.00%
سيده فايزه,0.00%
سيده فائقه,0.00%
سيده فخري,0.00%
سيده فدك,0.00%
سيده فردوس,0.00%
سيده فريبا,0.00%
سيده فريماه,0.00%
سيده فيروزه,0.00%
سيده كبرا,0.00%
سيده كفايت,0.00%
سيده كلثوم,0.00%
سيده كوكب,0.00%
سيده گل دانه,0.00%
سيده گل عنبر,0.00%
سيده لعيا,0.00%
سيده ليلي,0.00%
سيده مانا,0.00%
سيده ماه بگم,0.00%
سيده ماه منير,0.00%
سيده مبينا,0.00%
سيده محفوظه,0.00%
سيده مديا,0.00%
سيده مژده,0.00%
سيده مژگان,0.00%
سيده مليحه,0.00%
سيده مليكا,0.00%
سيده منا,0.00%
سيده منيژه,0.00%
سيده مهيلا,0.00%
سيده مينو,0.00%
سيده ناديا,0.00%
سيده ناظمه,0.00%
سيده نجيمه,0.00%
سيده نرگيس,0.00%
سيده نسيم,0.00%
سيده نعيمه,0.00%
سيده نهال,0.00%
سيده نوريه,0.00%
سيده نيلوفر,0.00%
سيده هدي,0.00%
سيده هديه,0.00%
سيده هستي,0.00%
سيده هناء,0.00%
سيده ياسمن,0.00%
سيده يوخابه,0.00%
سيدهاني,0.00%
سيدهدايت,0.00%
سيدهمايون,0.00%
سيدهوشنگ,0.00%
سيدولي,0.00%
سيدولي الله,0.00%
سيدولي اله,0.00%
سيديدالله,0.00%
سيديزدان,0.00%
سيديعقوب,0.00%
سيفعلي,0.00%
سيم طلا,0.00%
سيماء,0.00%
سيمين تاج,0.00%
سيمين دخت,0.00%
سيمين زر,0.00%
شاپري,0.00%
شاداب,0.00%
شاددخت,0.00%
شادمان,0.00%
شادوستي,0.00%
شادولت,0.00%
شاديه,0.00%
شازده,0.00%
شاكرم,0.00%
شامبر,0.00%
شاملك,0.00%
شاه پري,0.00%
شاهد,0.00%
شاهدخت,0.00%
شاهزاده بيگم,0.00%
شاهزنان,0.00%
شبير,0.00%
شرف نساء,0.00%
شرهان,0.00%
شروين,0.00%
شريعه,0.00%
شعيب,0.00%
شقايق السادات,0.00%
شكار,0.00%
شكر,0.00%
شكرانه,0.00%
شكريه,0.00%
شكوه السادات,0.00%
شكيب,0.00%
شمايل,0.00%
شمس الضحي,0.00%
شمسعلي,0.00%
شمسه,0.00%
شمسه جهان,0.00%
شمسي جان,0.00%
شمسي ناز,0.00%
شميم سادات,0.00%
شنبه,0.00%
شنتيا,0.00%
شهدوست,0.00%
شهراد,0.00%
شهران,0.00%
شهرزادالسادات,0.00%
شهرناز,0.00%
شهروز,0.00%
شهسوار,0.00%
شهلاء,0.00%
شهن,0.00%
شهنازالسادات,0.00%
شهين السادات,0.00%
شهين سادات,0.00%
شيخعلي,0.00%
شيده السادات,0.00%
شيرافكن,0.00%
شيرالله,0.00%
شيرباز,0.00%
شيردل,0.00%
شيرمحمد,0.00%
شيرين السادات,0.00%
شيرين بانو,0.00%
شيرين گل,0.00%
شيلا,0.00%
شيماالسادات,0.00%
شيواني غزاله,0.00%
صابره سادات,0.00%
صاحبعلي,0.00%
صاحبه جان,0.00%
صادقعلي,0.00%
صالحه خانم,0.00%
صائمه,0.00%
صبح نساء,0.00%
صبحانعلي,0.00%
صبحه نساء,0.00%
صبرگل,0.00%
صبيله,0.00%
صحبت اله,0.00%
صحرا,0.00%
صحيفه,0.00%
صداقت,0.00%
صدقعلي,0.00%
صدمه,0.00%
صديقه سلطان,0.00%
صغراء,0.00%
صغراخاتون,0.00%
صغراسادات,0.00%
صغراي,0.00%
صغري بيگم,0.00%
صفدرعلي,0.00%
صفرگل,0.00%
صفي اله,0.00%
صفيه السادات,0.00%
صفيه سادات,0.00%
صلاح الدين,0.00%
صنم بر,0.00%
صنم گل,0.00%
صهباسادات,0.00%
صهيب,0.00%
ضاحي,0.00%
ضمياء,0.00%
ضياءالدين,0.00%
طاناز,0.00%
طاهرالسادات,0.00%
طاهره خانم,0.00%
طراوت,0.00%
طرحي,0.00%
طلابگم,0.00%
طلايه,0.00%
طلعت آغا,0.00%
طلعت السادات,0.00%
طلعت بانو,0.00%
طلوع,0.00%
طلوعه,0.00%
طنازسادات,0.00%
طهمورث,0.00%
طهمينه,0.00%
طهوراسادات,0.00%
طوبي خانم,0.00%
طيبه بيگم,0.00%
طيبه خانم,0.00%
طيهو,0.00%
ظاهر,0.00%
ظريفه,0.00%
عابس,0.00%
عاجب,0.00%
عادله سادات,0.00%
عارف حسين,0.00%
عارفه السادات,0.00%
عارفه زهرا,0.00%
عاطفه سادات,0.00%
عافيه,0.00%
عاقل,0.00%
عالمه السادات,0.00%
عبادالله,0.00%
عباس مراد,0.00%
عبد,0.00%
عبدالاعلي,0.00%
عبدالامام,0.00%
عبدالباري,0.00%
عبدالجبار,0.00%
عبدالحكيم,0.00%
عبدالحليم,0.00%
عبدالسلام,0.00%
عبدالصادق,0.00%
عبدالطاهر,0.00%
عبدالعباس,0.00%
عبدالقادر,0.00%
عبدالمجيب,0.00%
عبدالمحمود,0.00%
عبدالمعيد,0.00%
عبدالمناف,0.00%
عبدالناصر,0.00%
عبدالوحيد,0.00%
عبدل,0.00%
عبدل علي,0.00%
عبديزدان,0.00%
عبود,0.00%
عبيد,0.00%
عتيه,0.00%
عذراء,0.00%
عذرابانو,0.00%
عذرابيگم,0.00%
عذراخانم,0.00%
عذراسادات,0.00%
عذري سادات,0.00%
عرمان,0.00%
عزت السادات,0.00%
عزت سادات,0.00%
عزيزاغا,0.00%
عزيزآقا,0.00%
عزيزقلي,0.00%
عزيزه بانو,0.00%
عسكري,0.00%
عشرت السادات,0.00%
عشرت سادات,0.00%
عشيره,0.00%
عصمت الزهراء,0.00%
عصمت السادات,0.00%
عصمتي,0.00%
عطاء,0.00%
عطاءالله,0.00%
عطران سادات,0.00%
عطرت,0.00%
عطري,0.00%
عطرين,0.00%
عطوفه,0.00%
عظيم اله,0.00%
عفت خانم,0.00%
عفناهن,0.00%
عفيفه زهراسادات,0.00%
عقيله السادات,0.00%
علا,0.00%
علاء,0.00%
علم دار,0.00%
علويه ياسمن,0.00%
علي احسان,0.00%
علي احمد,0.00%
علي آقا,0.00%
علي اله,0.00%
علي باز,0.00%
علي بخش,0.00%
علي پناه,0.00%
علي جعفر,0.00%
علي جمعه,0.00%
علي حسن,0.00%
علي حيدر,0.00%
علي داد,0.00%
علي رحم,0.00%
علي رحيم,0.00%
علي رهبر,0.00%
علي سان,0.00%
علي شعبان,0.00%
علي قلي,0.00%
علي كوثر,0.00%
علي گدا,0.00%
علي مردان,0.00%
علي مشهورحاجي,0.00%
عليحسين,0.00%
عليشاه,0.00%
عليكرم,0.00%
عليمراد,0.00%
عماء,0.00%
عمادمحمد,0.00%
عمران بانو,0.00%
عنايت,0.00%
عنبر,0.00%
عنزه,0.00%
عهديه السادات,0.00%
عهديه سادات,0.00%
عوضعلي,0.00%
عيدان,0.00%
عيدمحمد,0.00%
عيسي قلي,0.00%
عينعلي,0.00%
عيونه,0.00%
غازي,0.00%
غريب,0.00%
غريبعلي,0.00%
غزاله السادات,0.00%
غزبس,0.00%
غفارعلي,0.00%
غلام حيدر,0.00%
غلام محمد,0.00%
غلامشاه,0.00%
غنچه,0.00%
غيب اله,0.00%
غيبعلي,0.00%
فاخته,0.00%
فادياسادات,0.00%
فاروق,0.00%
فاطره,0.00%
فاطمه اسرا,0.00%
فاطمه بشرا,0.00%
فاطمه بهار,0.00%
فاطمه بي بي,0.00%
فاطمه ثنا,0.00%
فاطمه حلماسادات,0.00%
فاطمه خانم,0.00%
فاطمه سما,0.00%
فاطمه صبا,0.00%
فاطمه عذرا,0.00%
فاطمه كبري,0.00%
فاطمه كبري سادات,0.00%
فاطمه گل,0.00%
فاطمه مطهره,0.00%
فاطمه معصومه سادات,0.00%
فالح,0.00%
فايديم,0.00%
فائضه,0.00%
فتي,0.00%
فتيه,0.00%
فخرالدولت,0.00%
فخرانگيز,0.00%
فخري تاج,0.00%
فخريه بيگم,0.00%
فرانگيز,0.00%
فربود,0.00%
فرج الله,0.00%
فرجاد,0.00%
فرح خانم,0.00%
فرحان,0.00%
فرحانه السادات,0.00%
فرحانه سادات,0.00%
فرحنازسادات,0.00%
فرخنده السادات,0.00%
فرديس,0.00%
فرشته سادات,0.00%
فرشيده,0.00%
فرقان,0.00%
فرمان,0.00%
فرنازالسادات,0.00%
فرنام,0.00%
فرنيان,0.00%
فرهان,0.00%
فرهيد,0.00%
فروز,0.00%
فروزنده,0.00%
فروغ السادات,0.00%
فريباالسادات,0.00%
فريح,0.00%
فريحه,0.00%
فريدخت,0.00%
فريده سادات,0.00%
فريمهر,0.00%
فرينوش,0.00%
فصيحه,0.00%
فضه السادات,0.00%
فضه سادات,0.00%
فضيل,0.00%
فطيه,0.00%
فلورا,0.00%
فلورانس,0.00%
فليحه,0.00%
فنيره,0.00%
فهميده,0.00%
فهيمه السادات,0.00%
فواد,0.00%
فياض,0.00%
فياضعلي,0.00%
فيره,0.00%
فيض الله,0.00%
قادرعلي,0.00%
قائم,0.00%
قبله علي,0.00%
قدسي,0.00%
قريب,0.00%
قزلارآغاسي,0.00%
قسمت,0.00%
قمرالسادات,0.00%
قندي,0.00%
قيزبس,0.00%
قيزخانم,0.00%
قيصر,0.00%
قيه علي,0.00%
كاظم علي,0.00%
كاظمعلي,0.00%
كاظمه,0.00%
كاغذ,0.00%
كاكاجان,0.00%
كامين,0.00%
كبري السادات,0.00%
كبوتر,0.00%
كبير,0.00%
كتان,0.00%
كتان جان,0.00%
كرار,0.00%
كرامت الله,0.00%
كردستان,0.00%
كرم خدا,0.00%
كژال,0.00%
كفايه,0.00%
كل بادام,0.00%
كل زار,0.00%
كلزار,0.00%
كلعذار,0.00%
كليوته,0.00%
كمال الدين,0.00%
كهزاد,0.00%
كهناز,0.00%
كوچك,0.00%
كوشا,0.00%
كوكب بانو,0.00%
كيا,0.00%
كيامرث,0.00%
كيامرز,0.00%
كياناسادات,0.00%
كيانفر,0.00%
كيخسرو,0.00%
كيكاوس,0.00%
كيوانه,0.00%
گرجي,0.00%
گل ابريشم,0.00%
گل آفرين,0.00%
گل بخت,0.00%
گل پاره,0.00%
گل جان,0.00%
گل چهر,0.00%
گل چهره,0.00%
گل حسين,0.00%
گل خانم,0.00%
گل خندان,0.00%
گل دانه,0.00%
گل دسته,0.00%
گل رخ,0.00%
گل صباح,0.00%
گل صنم,0.00%
گل فام,0.00%
گل گز,0.00%
گل مرجان,0.00%
گلاب جان,0.00%
گلاويژ,0.00%
گلتاج,0.00%
گلچين,0.00%
گلزاده,0.00%
گلسا,0.00%
گلعلي,0.00%
گلنازسادات,0.00%
گلنساء,0.00%
گلنوش,0.00%
گلي افشان,0.00%
گليدا,0.00%
گلين,0.00%
گنج خاتون,0.00%
گوزل,0.00%
گوناي,0.00%
گوهرچين,0.00%
گوهرطلا,0.00%
گيسو,0.00%
گيسيا,0.00%
لال بخش,0.00%
لال ملك,0.00%
لاوين,0.00%
لشكر,0.00%
لطف الله,0.00%
لعبا,0.00%
لعل بانو,0.00%
لعياالسادات,0.00%
لفطه,0.00%
لهاك,0.00%
لوكي,0.00%
ليانا,0.00%
ليلاء,0.00%
ليلابگم,0.00%
ليلوه,0.00%
مابيگم,0.00%
مادام,0.00%
ماشاءالله,0.00%
ماليه,0.00%
ماندني,0.00%
مانده گار,0.00%
مانوش,0.00%
مانياسادات,0.00%
ماه,0.00%
ماه پسند,0.00%
ماه تيسا,0.00%
ماه جان,0.00%
ماه جوني,0.00%
ماه جين,0.00%
ماه خورشيد,0.00%
ماه دولت,0.00%
ماه شرف,0.00%
ماه صنم,0.00%
ماه طلا,0.00%
ماه طلعت,0.00%
ماه گل,0.00%
ماهتاب,0.00%
ماهرخ سادات,0.00%
ماهرخ سار,0.00%
ماهروزه,0.00%
ماهزاد,0.00%
ماهك,0.00%
ماهناز,0.00%
ماهه,0.00%
مايسا,0.00%
مبارك بانو,0.00%
مباركه سادات,0.00%
متينه,0.00%
مجبل,0.00%
مجدالدين,0.00%
مجيب,0.00%
مجيدحسين,0.00%
محارب,0.00%
محبه,0.00%
محبوب السادات,0.00%
محبوب علي,0.00%
محترم خانم,0.00%
محتشم,0.00%
محجوب,0.00%
محدثه زهرا,0.00%
محرم بانو,0.00%
محمدارسلان,0.00%
محمدآريا,0.00%
محمداسحاق,0.00%
محمدايمان,0.00%
محمدآئين,0.00%
محمدبرنا,0.00%
محمدبهزاد,0.00%
محمدپدرام,0.00%
محمدپويان,0.00%
محمدجابر,0.00%
محمدجاويد,0.00%
محمدجميل,0.00%
محمدحاشر,0.00%
محمدحبيب,0.00%
محمدحسان,0.00%
محمدحمزه,0.00%
محمدحميد,0.00%
محمدحنيف,0.00%
محمدحيدر,0.00%
محمددانيال,0.00%
محمدرحمان,0.00%
محمدرفيع,0.00%
محمدرهام,0.00%
محمدرئوف,0.00%
محمدساجد,0.00%
محمدسامان,0.00%
محمدسحاب,0.00%
محمدسلمان,0.00%
محمدسليم,0.00%
محمدسميع,0.00%
محمدشفيع,0.00%
محمدصديق,0.00%
محمدصفا,0.00%
محمدعادل,0.00%
محمدعطا,0.00%
محمدعظيم,0.00%
محمدعقيل,0.00%
محمدعيسي,0.00%
محمدفريد,0.00%
محمدقائم,0.00%
محمدقلي,0.00%
محمدكرم,0.00%
محمدكسرا,0.00%
محمدكميل,0.00%
محمدكيان,0.00%
محمدلطيف,0.00%
محمدماني,0.00%
محمدمجيد,0.00%
محمدمحمود,0.00%
محمدمراد,0.00%
محمدمرتضي,0.00%
محمدمرصاد,0.00%
محمدمهبد,0.00%
محمدمهديار,0.00%
محمدمهراد,0.00%
محمدمهياد,0.00%
محمدموسي,0.00%
محمدميثاق,0.00%
محمدميعاد,0.00%
محمدنعيم,0.00%
محمدنيما,0.00%
محمدوحيد,0.00%
محمدياسر,0.00%
محمدياشا,0.00%
محمديحيي,0.00%
محمديزدان,0.00%
محي الدين,0.00%
مختوم زاد,0.00%
مخدره معصومه بيگم,0.00%
مخصوصه,0.00%
مخلوقه,0.00%
مدثر,0.00%
مذبوبه,0.00%
مرات,0.00%
مرادبخش,0.00%
مرادبي بي,0.00%
مرتضي علي,0.00%
مرتضي قلي,0.00%
مرثا,0.00%
مرزاعباس,0.00%
مرزبان,0.00%
مرضيه خاتون,0.00%
مرواريدبيگم,0.00%
مروت,0.00%
مروتعلي,0.00%
مريد,0.00%
مريم بگم,0.00%
مريم خاتون,0.00%
مريم سلطان,0.00%
مستان,0.00%
مستعان,0.00%
مسرت,0.00%
مسلمه,0.00%
مسيح الله,0.00%
مسيح اله,0.00%
مسيحا,0.00%
مشجر,0.00%
مشكات,0.00%
مشكوة,0.00%
مطهرةالسادات,0.00%
معرفت اله,0.00%
معروف,0.00%
معزالدين,0.00%
معصوم,0.00%
معصومجان,0.00%
معصومه خانم,0.00%
معلا,0.00%
معلايه,0.00%
معيده,0.00%
معين رضا,0.00%
مقبوله,0.00%
مقتدا,0.00%
مقدس,0.00%
مقدس السادات,0.00%
مقرب,0.00%
مكرمه,0.00%
مكين,0.00%
ملاحت,0.00%
ملاحت سادات,0.00%
ملك آفاق,0.00%
ملك حسن,0.00%
ملك حسين,0.00%
ملك زاده,0.00%
ملك سيما,0.00%
ملك عظما,0.00%
ملك مراد,0.00%
ملك ناز,0.00%
ملكان,0.00%
ملكتاج,0.00%
ملكعلي,0.00%
ملكه سادات,0.00%
ملكي,0.00%
ملوس,0.00%
ملوسي,0.00%
ملوك السادات,0.00%
ملوكه,0.00%
مليحه زمان,0.00%
مليناسادات,0.00%
مناسادات,0.00%
منال,0.00%
منتصر,0.00%
منجمه,0.00%
منزر,0.00%
منسي,0.00%
منصورآقا,0.00%
منصورالزمان,0.00%
منصورعلي,0.00%
منظره,0.00%
منيرةالسادات,0.00%
مه پاره,0.00%
مه تا,0.00%
مه تاب,0.00%
مه نيا,0.00%
مه ياس,0.00%
مهبد,0.00%
مهپاره,0.00%
مهتاب سادات,0.00%
مهتابملك,0.00%
مهدخت,0.00%
مهدسه,0.00%
مهديس سادات,0.00%
مهديسا,0.00%
مهدين,0.00%
مهرآسا,0.00%
مهران دخت,0.00%
مهرآنا,0.00%
مهرآوه,0.00%
مهربانو,0.00%
مهرپويا,0.00%
مهردل,0.00%
مهرسانا,0.00%
مهرگان,0.00%
مهرنازالسادات,0.00%
مهرنازسادات,0.00%
مهرنساء,0.00%
مهرو,0.00%
مهروش,0.00%
مهري سادات,0.00%
مهري ناز,0.00%
مهريه,0.00%
مهساالسادات,0.00%
مهستي,0.00%
مهلاالسادات,0.00%
مهلقا,0.00%
مهنوش سادات,0.00%
مهيسا,0.00%
مهين السادات,0.00%
موزه,0.00%
موسي قلي,0.00%
موعده,0.00%
مولا,0.00%
مولد,0.00%
مولودالسادات,0.00%
مؤمن,0.00%
ميخك,0.00%
ميرابوالفضل,0.00%
ميراحمد,0.00%
ميرآقا,0.00%
ميرالله يار,0.00%
ميراميرحسين,0.00%
ميرجواد,0.00%
ميرحسين,0.00%
ميرحميد,0.00%
ميرحواس,0.00%
ميرحيدر,0.00%
ميررسول,0.00%
ميررضا,0.00%
ميررمضان,0.00%
ميرزا,0.00%
ميرزاابوالفضل,0.00%
ميرزاآقا,0.00%
ميرزاحسن,0.00%
ميرزاخان,0.00%
ميرزاده,0.00%
ميرزاعليرضا,0.00%
ميرسعيد,0.00%
ميرعباس,0.00%
ميرعزيز,0.00%
ميرعلي اكبر,0.00%
ميرمحبوب,0.00%
ميرمحسن,0.00%
ميرمحمدعلي,0.00%
ميرمحمدمهدي,0.00%
ميرمقصود,0.00%
ميرمهدي,0.00%
ميرمهراب,0.00%
ميرولي,0.00%
ميروهاب,0.00%
ميريوسف,0.00%
ميناالسادات,0.00%
ميناخانم,0.00%
ميناسادات,0.00%
مينوسادات,0.00%
ميهن,0.00%
نادياسادات,0.00%
نارخانم,0.00%
نارسيس,0.00%
نارنج,0.00%
نارون,0.00%
نازاربانو,0.00%
نازاره,0.00%
نازآفرين,0.00%
نازبانو,0.00%
نازبي بي,0.00%
نازبيگم,0.00%
نازخاتون,0.00%
نازطلا,0.00%
نازعلي,0.00%
نازل,0.00%
نازلي,0.00%
نازنين خديجه سادات,0.00%
نازنين كوثر,0.00%
نازيلاسادات,0.00%
ناظم,0.00%
ناعمه,0.00%
نامدار,0.00%
ناهيدخانم,0.00%
ناهيدسادات,0.00%
ناهيده سادات,0.00%
نايبعلي,0.00%
نبات جان,0.00%
نباهه,0.00%
نبوت,0.00%
نبيل,0.00%
نبيله,0.00%
نبيه,0.00%
نبيهه,0.00%
نپتون,0.00%
نجاتعلي,0.00%
نجاته,0.00%
نجف علي,0.00%
نجفعلي,0.00%
نجم,0.00%
نجم الدين,0.00%
نجمه ملوك,0.00%
نجمي,0.00%
نجوم,0.00%
نجيب اله,0.00%
نجيم,0.00%
نجيه,0.00%
نجيهه,0.00%
نخواست,0.00%
نداء,0.00%
نداءالسادات,0.00%
نداسادات,0.00%
ندي,0.00%
نديبه,0.00%
نرجس بانو,0.00%
نرجس تاج,0.00%
نرجس خواتون,0.00%
نركس,0.00%
نرگس بيگم,0.00%
نرگس تاج,0.00%
نرگس خانم,0.00%
نرگيس,0.00%
نزاكت,0.00%
نزهت السادات,0.00%
نسا,0.00%
نسترن سادات,0.00%
نسرين تاج,0.00%
نشعه,0.00%
نصار,0.00%
نصرت بيگم,0.00%
نصيبه السادات,0.00%
نصيره,0.00%
نظميه,0.00%
نظيره,0.00%
نعيم اله,0.00%
نقدعلي,0.00%
نقشعلي,0.00%
نگارالسادات,0.00%
ننه جان,0.00%
ننه خانم,0.00%
نهضت,0.00%
نوا,0.00%
نواب,0.00%
نوازش,0.00%
نوح,0.00%
نوحعلي,0.00%
نوذر,0.00%
نور,0.00%
نوراحمد,0.00%
نوراسادات,0.00%
نورالسما,0.00%
نوربخش,0.00%
نورخانم,0.00%
نورس,0.00%
نورشرف,0.00%
نورطلا,0.00%
نورنساء,0.00%
نوري جان,0.00%
نوريجان,0.00%
نوش آفرين,0.00%
نوشين سادات,0.00%
نيازعلي,0.00%
نيت علي,0.00%
نيتا,0.00%
نيرالسادات,0.00%
نيرسادات,0.00%
نيك رز,0.00%
نيك زاد,0.00%
نيكان,0.00%
نيكتا,0.00%
نيكزاد,0.00%
نيكناز,0.00%
نيكي,0.00%
نيلا,0.00%
نيلوفرالسادات,0.00%
نيم تاج,0.00%
نيمتاج,0.00%
هاتف,0.00%
هاجرخاتون,0.00%
هاجرخواتون,0.00%
هاجرسادات,0.00%
هاجره,0.00%
هاشميه سادات,0.00%
هامان,0.00%
هامل,0.00%
هاني الحسين,0.00%
هانيتا,0.00%
هبت اله,0.00%
هديه سادات,0.00%
هشام,0.00%
هلاكو,0.00%
هلال,0.00%
هلما,0.00%
هلن,0.00%
همادخت,0.00%
هماي,0.00%
همت علي,0.00%
همتا,0.00%
همتاسادات,0.00%
همراز,0.00%
هميرا,0.00%
هناه,0.00%
هنديه,0.00%
هوا,0.00%
هوشمند,0.00%
هوشيار,0.00%
هيبت,0.00%
هيراد,0.00%
هيفا,0.00%
هيل گل,0.00%
والي,0.00%
واهب,0.00%
وجهه,0.00%
وجيه الله,0.00%
وجيهه اله,0.00%
وحدت,0.00%
وحيدةالسادات,0.00%
وحيده السادات,0.00%
ورده,0.00%
وسي,0.00%
وصال,0.00%
وفاء,0.00%
وفيه,0.00%
وكيل,0.00%
وليد,0.00%
وليمحمد,0.00%
ونسه,0.00%
وهاب الدين,0.00%
وهب,0.00%
وهيبه,0.00%
ويانا,0.00%
ويسمراد,0.00%
يادعلي,0.00%
يارعلي,0.00%
يارمحمد,0.00%
ياس السادات,0.00%
ياسمن سادات,0.00%
ياسمين السادات,0.00%
ياسمين سادات,0.00%
ياشار,0.00%
ياصنم,0.00%
ياقوت,0.00%
يبيره,0.00%
يحي,0.00%
يخابه,0.00%
يسري,0.00%
يسن,0.00%
يقين علي,0.00%
يكتاالسادات,0.00%
يگانه السادات,0.00%
يمنا,0.00%
يمناء,0.00%
يمين,0.00%
يوخابه,0.00%
يوسف علي,0.00%
يوسف مهدي,0.00%
يونا,0.00%
يونس رضا,0.00%
يونس علي,0.00%
